date,temperature_celsius
2020-01-01,12.39
2020-01-02,13.03
2020-01-03,12.6
2020-01-04,13.37
2020-01-05,15.15
2020-01-06,13.96
2020-01-07,13.09
2020-01-08,15.01
2020-01-09,15.24
2020-01-10,13.68
2020-01-11,13.97
2020-01-12,12.77
2020-01-13,11.9
2020-01-14,12.26
2020-01-15,9.51
2020-01-16,7.8
2020-01-17,8.2
2020-01-18,7.86
2020-01-19,9.48
2020-01-20,8.95
2020-01-21,7.87
2020-01-22,11.13
2020-01-23,11.12
2020-01-24,11.54
2020-01-25,9.76
2020-01-26,9.73
2020-01-27,10.64
2020-01-28,9.55
2020-01-29,10.91
2020-01-30,10.55
2020-01-31,10.74
2020-02-01,10.47
2020-02-02,13.73
2020-02-03,13.48
2020-02-04,11.87
2020-02-05,13.37
2020-02-06,11.61
2020-02-07,12.38
2020-02-08,9.92
2020-02-09,9.07
2020-02-10,10.62
2020-02-11,12.52
2020-02-12,13.13
2020-02-13,13.2
2020-02-14,13.03
2020-02-15,11.29
2020-02-16,11.14
2020-02-17,11.43
2020-02-18,13.8
2020-02-19,14.54
2020-02-20,12.17
2020-02-21,13.43
2020-02-22,13.38
2020-02-23,12.98
2020-02-24,14.54
2020-02-25,16.3
2020-02-26,17.46
2020-02-27,15.87
2020-02-28,15.51
2020-02-29,16.2
2020-03-01,17.65
2020-03-02,16.7
2020-03-03,16.48
2020-03-04,15.08
2020-03-05,14.0
2020-03-06,16.08
2020-03-07,18.4
2020-03-08,18.12
2020-03-09,19.47
2020-03-10,19.61
2020-03-11,18.35
2020-03-12,18.91
2020-03-13,21.01
2020-03-14,20.38
2020-03-15,22.23
2020-03-16,17.75
2020-03-17,19.41
2020-03-18,19.63
2020-03-19,19.31
2020-03-20,19.69
2020-03-21,17.11
2020-03-22,17.79
2020-03-23,19.14
2020-03-24,21.75
2020-03-25,20.89
2020-03-26,19.93
2020-03-27,19.73
2020-03-28,21.64
2020-03-29,22.25
2020-03-30,21.55
2020-03-31,22.57
2020-04-01,22.79
2020-04-02,24.23
2020-04-03,22.99
2020-04-04,22.69
2020-04-05,22.45
2020-04-06,20.84
2020-04-07,22.21
2020-04-08,23.21
2020-04-09,23.64
2020-04-10,23.67
2020-04-11,22.11
2020-04-12,22.45
2020-04-13,22.86
2020-04-14,22.58
2020-04-15,23.35
2020-04-16,24.75
2020-04-17,27.9
2020-04-18,27.84
2020-04-19,27.98
2020-04-20,27.68
2020-04-21,24.94
2020-04-22,25.69
2020-04-23,26.41
2020-04-24,30.36
2020-04-25,29.55
2020-04-26,29.72
2020-04-27,29.43
2020-04-28,27.71
2020-04-29,29.76
2020-04-30,30.75
2020-05-01,31.59
2020-05-02,29.87
2020-05-03,31.93
2020-05-04,29.55
2020-05-05,30.68
2020-05-06,33.8
2020-05-07,31.65
2020-05-08,30.76
2020-05-09,31.11
2020-05-10,30.57
2020-05-11,28.78
2020-05-12,29.81
2020-05-13,29.03
2020-05-14,30.67
2020-05-15,29.96
2020-05-16,32.96
2020-05-17,31.91
2020-05-18,31.85
2020-05-19,33.46
2020-05-20,31.8
2020-05-21,32.7
2020-05-22,34.91
2020-05-23,32.48
2020-05-24,33.28
2020-05-25,34.01
2020-05-26,35.32
2020-05-27,33.49
2020-05-28,32.09
2020-05-29,33.72
2020-05-30,34.61
2020-05-31,35.24
2020-06-01,35.87
2020-06-02,34.93
2020-06-03,35.57
2020-06-04,36.16
2020-06-05,35.21
2020-06-06,38.18
2020-06-07,38.41
2020-06-08,36.28
2020-06-09,37.37
2020-06-10,35.91
2020-06-11,37.36
2020-06-12,38.95
2020-06-13,37.37
2020-06-14,38.75
2020-06-15,39.01
2020-06-16,39.8
2020-06-17,41.9
2020-06-18,40.44
2020-06-19,38.71
2020-06-20,37.29
2020-06-21,36.4
2020-06-22,36.82
2020-06-23,37.73
2020-06-24,38.32
2020-06-25,39.53
2020-06-26,39.28
2020-06-27,41.14
2020-06-28,40.09
2020-06-29,43.53
2020-06-30,43.09
2020-07-01,40.71
2020-07-02,38.71
2020-07-03,39.46
2020-07-04,39.02
2020-07-05,40.02
2020-07-06,40.42
2020-07-07,39.95
2020-07-08,38.53
2020-07-09,36.58
2020-07-10,36.68
2020-07-11,38.57
2020-07-12,39.04
2020-07-13,37.33
2020-07-14,38.09
2020-07-15,38.93
2020-07-16,37.76
2020-07-17,38.36
2020-07-18,38.66
2020-07-19,37.19
2020-07-20,38.22
2020-07-21,39.24
2020-07-22,40.69
2020-07-23,41.69
2020-07-24,38.99
2020-07-25,37.65
2020-07-26,38.71
2020-07-27,39.46
2020-07-28,39.98
2020-07-29,45.01
2020-07-30,44.02
2020-07-31,44.08
2020-08-01,43.85
2020-08-02,43.23
2020-08-03,41.42
2020-08-04,41.59
2020-08-05,39.55
2020-08-06,38.8
2020-08-07,37.89
2020-08-08,38.0
2020-08-09,41.18
2020-08-10,37.58
2020-08-11,38.53
2020-08-12,35.97
2020-08-13,35.69
2020-08-14,37.64
2020-08-15,37.58
2020-08-16,35.9
2020-08-17,35.16
2020-08-18,36.54
2020-08-19,35.53
2020-08-20,36.08
2020-08-21,36.2
2020-08-22,35.27
2020-08-23,38.48
2020-08-24,38.62
2020-08-25,34.97
2020-08-26,35.39
2020-08-27,34.45
2020-08-28,35.86
2020-08-29,34.52
2020-08-30,34.46
2020-08-31,35.23
2020-09-01,36.25
2020-09-02,34.03
2020-09-03,33.6
2020-09-04,33.05
2020-09-05,32.34
2020-09-06,35.17
2020-09-07,35.25
2020-09-08,32.92
2020-09-09,34.24
2020-09-10,36.82
2020-09-11,37.1
2020-09-12,33.67
2020-09-13,32.6
2020-09-14,34.22
2020-09-15,32.56
2020-09-16,32.92
2020-09-17,33.59
2020-09-18,31.62
2020-09-19,31.37
2020-09-20,26.67
2020-09-21,26.33
2020-09-22,27.1
2020-09-23,26.2
2020-09-24,29.53
2020-09-25,27.57
2020-09-26,27.49
2020-09-27,28.17
2020-09-28,30.42
2020-09-29,27.96
2020-09-30,29.76
2020-10-01,29.38
2020-10-02,27.65
2020-10-03,28.37
2020-10-04,28.45
2020-10-05,27.32
2020-10-06,27.39
2020-10-07,26.73
2020-10-08,26.89
2020-10-09,27.71
2020-10-10,29.53
2020-10-11,26.82
2020-10-12,29.53
2020-10-13,25.69
2020-10-14,25.38
2020-10-15,26.13
2020-10-16,26.18
2020-10-17,24.88
2020-10-18,24.46
2020-10-19,23.7
2020-10-20,22.95
2020-10-21,24.36
2020-10-22,24.62
2020-10-23,23.28
2020-10-24,24.47
2020-10-25,24.44
2020-10-26,25.06
2020-10-27,25.19
2020-10-28,23.18
2020-10-29,22.05
2020-10-30,23.0
2020-10-31,23.43
2020-11-01,22.79
2020-11-02,22.47
2020-11-03,23.8
2020-11-04,22.08
2020-11-05,22.38
2020-11-06,21.48
2020-11-07,20.76
2020-11-08,22.02
2020-11-09,22.49
2020-11-10,22.75
2020-11-11,23.57
2020-11-12,22.31
2020-11-13,22.27
2020-11-14,20.8
2020-11-15,20.57
2020-11-16,19.72
2020-11-17,19.37
2020-11-18,19.76
2020-11-19,18.01
2020-11-20,20.78
2020-11-21,18.38
2020-11-22,16.31
2020-11-23,18.09
2020-11-24,18.82
2020-11-25,19.05
2020-11-26,19.18
2020-11-27,18.34
2020-11-28,16.44
2020-11-29,16.39
2020-11-30,15.26
2020-12-01,16.71
2020-12-02,16.15
2020-12-03,14.75
2020-12-04,14.41
2020-12-05,15.15
2020-12-06,14.28
2020-12-07,13.25
2020-12-08,13.97
2020-12-09,14.45
2020-12-10,13.71
2020-12-11,13.19
2020-12-12,13.77
2020-12-13,11.8
2020-12-14,10.41
2020-12-15,10.35
2020-12-16,10.98
2020-12-17,12.14
2020-12-18,14.57
2020-12-19,15.44
2020-12-20,14.61
2020-12-21,14.19
2020-12-22,12.48
2020-12-23,12.61
2020-12-24,12.31
2020-12-25,12.92
2020-12-26,11.74
2020-12-27,12.75
2020-12-28,14.88
2020-12-29,14.1
2020-12-30,14.24
2020-12-31,14.74
2021-01-01,13.59
2021-01-02,13.6
2021-01-03,13.29
2021-01-04,13.19
2021-01-05,11.88
2021-01-06,12.05
2021-01-07,12.83
2021-01-08,14.72
2021-01-09,15.39
2021-01-10,17.54
2021-01-11,14.99
2021-01-12,15.46
2021-01-13,14.82
2021-01-14,17.18
2021-01-15,14.68
2021-01-16,12.84
2021-01-17,11.86
2021-01-18,9.03
2021-01-19,9.23
2021-01-20,9.05
2021-01-21,10.21
2021-01-22,11.33
2021-01-23,14.29
2021-01-24,15.13
2021-01-25,13.62
2021-01-26,12.09
2021-01-27,12.96
2021-01-28,11.06
2021-01-29,14.12
2021-01-30,15.44
2021-01-31,14.09
2021-02-01,11.4
2021-02-02,13.79
2021-02-03,13.47
2021-02-04,15.16
2021-02-05,12.43
2021-02-06,11.89
2021-02-07,12.37
2021-02-08,12.81
2021-02-09,12.46
2021-02-10,13.74
2021-02-11,12.32
2021-02-12,12.63
2021-02-13,13.25
2021-02-14,14.29
2021-02-15,15.35
2021-02-16,13.57
2021-02-17,11.76
2021-02-18,14.43
2021-02-19,15.06
2021-02-20,14.05
2021-02-21,16.58
2021-02-22,16.43
2021-02-23,17.86
2021-02-24,17.37
2021-02-25,19.86
2021-02-26,21.26
2021-02-27,19.52
2021-02-28,20.01
2021-03-01,19.96
2021-03-02,20.99
2021-03-03,18.5
2021-03-04,19.08
2021-03-05,20.06
2021-03-06,16.88
2021-03-07,15.45
2021-03-08,13.27
2021-03-09,14.23
2021-03-10,16.36
2021-03-11,19.04
2021-03-12,19.03
2021-03-13,21.26
2021-03-14,18.7
2021-03-15,16.47
2021-03-16,17.22
2021-03-17,18.44
2021-03-18,18.79
2021-03-19,16.25
2021-03-20,17.25
2021-03-21,16.33
2021-03-22,18.49
2021-03-23,19.69
2021-03-24,18.78
2021-03-25,18.78
2021-03-26,18.08
2021-03-27,19.03
2021-03-28,21.21
2021-03-29,20.12
2021-03-30,21.48
2021-03-31,21.08
2021-04-01,20.49
2021-04-02,21.09
2021-04-03,20.28
2021-04-04,20.44
2021-04-05,19.71
2021-04-06,23.69
2021-04-07,23.91
2021-04-08,23.11
2021-04-09,23.87
2021-04-10,24.03
2021-04-11,24.06
2021-04-12,25.31
2021-04-13,26.48
2021-04-14,25.59
2021-04-15,24.94
2021-04-16,24.97
2021-04-17,22.21
2021-04-18,21.4
2021-04-19,24.91
2021-04-20,27.89
2021-04-21,27.45
2021-04-22,28.35
2021-04-23,28.7
2021-04-24,32.89
2021-04-25,33.22
2021-04-26,31.78
2021-04-27,29.65
2021-04-28,27.27
2021-04-29,28.15
2021-04-30,27.5
2021-05-01,26.17
2021-05-02,26.35
2021-05-03,25.94
2021-05-04,29.58
2021-05-05,31.14
2021-05-06,31.07
2021-05-07,33.17
2021-05-08,32.77
2021-05-09,31.24
2021-05-10,33.53
2021-05-11,33.86
2021-05-12,31.94
2021-05-13,31.81
2021-05-14,30.81
2021-05-15,29.44
2021-05-16,31.74
2021-05-17,34.83
2021-05-18,32.48
2021-05-19,33.58
2021-05-20,32.73
2021-05-21,32.4
2021-05-22,32.07
2021-05-23,31.5
2021-05-24,32.42
2021-05-25,31.9
2021-05-26,33.12
2021-05-27,33.59
2021-05-28,33.72
2021-05-29,32.92
2021-05-30,32.86
2021-05-31,34.72
2021-06-01,35.75
2021-06-02,34.46
2021-06-03,35.09
2021-06-04,36.5
2021-06-05,34.16
2021-06-06,35.62
2021-06-07,35.01
2021-06-08,36.35
2021-06-09,35.48
2021-06-10,33.43
2021-06-11,32.24
2021-06-12,33.76
2021-06-13,35.19
2021-06-14,34.62
2021-06-15,36.4
2021-06-16,34.5
2021-06-17,35.39
2021-06-18,34.45
2021-06-19,34.59
2021-06-20,35.7
2021-06-21,35.25
2021-06-22,35.62
2021-06-23,37.86
2021-06-24,37.27
2021-06-25,38.85
2021-06-26,37.26
2021-06-27,38.45
2021-06-28,40.61
2021-06-29,36.7
2021-06-30,36.25
2021-07-01,37.86
2021-07-02,37.94
2021-07-03,38.82
2021-07-04,38.1
2021-07-05,38.55
2021-07-06,38.55
2021-07-07,40.42
2021-07-08,40.48
2021-07-09,40.66
2021-07-10,39.74
2021-07-11,38.97
2021-07-12,38.5
2021-07-13,39.33
2021-07-14,38.78
2021-07-15,39.38
2021-07-16,42.31
2021-07-17,42.73
2021-07-18,41.35
2021-07-19,42.49
2021-07-20,41.06
2021-07-21,37.73
2021-07-22,36.77
2021-07-23,34.87
2021-07-24,35.61
2021-07-25,36.65
2021-07-26,39.71
2021-07-27,40.01
2021-07-28,39.45
2021-07-29,40.49
2021-07-30,36.97
2021-07-31,37.85
2021-08-01,39.2
2021-08-02,37.01
2021-08-03,39.09
2021-08-04,39.43
2021-08-05,38.6
2021-08-06,39.44
2021-08-07,42.32
2021-08-08,41.44
2021-08-09,40.87
2021-08-10,39.44
2021-08-11,37.84
2021-08-12,39.0
2021-08-13,37.45
2021-08-14,37.6
2021-08-15,36.9
2021-08-16,37.71
2021-08-17,38.05
2021-08-18,39.24
2021-08-19,37.9
2021-08-20,37.23
2021-08-21,35.72
2021-08-22,35.34
2021-08-23,36.17
2021-08-24,37.26
2021-08-25,35.66
2021-08-26,36.96
2021-08-27,38.54
2021-08-28,38.31
2021-08-29,40.15
2021-08-30,37.72
2021-08-31,35.26
2021-09-01,32.7
2021-09-02,35.38
2021-09-03,36.09
2021-09-04,35.56
2021-09-05,35.59
2021-09-06,33.6
2021-09-07,37.11
2021-09-08,36.34
2021-09-09,35.71
2021-09-10,36.06
2021-09-11,35.92
2021-09-12,35.4
2021-09-13,33.55
2021-09-14,33.93
2021-09-15,36.12
2021-09-16,36.88
2021-09-17,37.73
2021-09-18,35.33
2021-09-19,32.87
2021-09-20,32.25
2021-09-21,32.0
2021-09-22,33.22
2021-09-23,30.13
2021-09-24,32.35
2021-09-25,31.53
2021-09-26,30.5
2021-09-27,28.88
2021-09-28,26.75
2021-09-29,28.62
2021-09-30,28.86
2021-10-01,27.05
2021-10-02,25.68
2021-10-03,25.98
2021-10-04,28.93
2021-10-05,28.3
2021-10-06,26.03
2021-10-07,26.1
2021-10-08,26.04
2021-10-09,22.55
2021-10-10,23.66
2021-10-11,24.15
2021-10-12,25.74
2021-10-13,28.43
2021-10-14,29.29
2021-10-15,27.9
2021-10-16,25.65
2021-10-17,29.12
2021-10-18,28.04
2021-10-19,27.13
2021-10-20,26.36
2021-10-21,26.05
2021-10-22,25.28
2021-10-23,24.06
2021-10-24,23.16
2021-10-25,23.17
2021-10-26,22.39
2021-10-27,21.53
2021-10-28,22.0
2021-10-29,21.77
2021-10-30,24.0
2021-10-31,19.73
2021-11-01,21.83
2021-11-02,23.5
2021-11-03,19.99
2021-11-04,19.83
2021-11-05,19.61
2021-11-06,17.95
2021-11-07,17.57
2021-11-08,16.77
2021-11-09,20.15
2021-11-10,21.38
2021-11-11,22.67
2021-11-12,22.78
2021-11-13,20.21
2021-11-14,19.15
2021-11-15,19.75
2021-11-16,17.74
2021-11-17,18.94
2021-11-18,18.42
2021-11-19,17.8
2021-11-20,18.82
2021-11-21,19.14
2021-11-22,18.18
2021-11-23,19.57
2021-11-24,17.39
2021-11-25,18.15
2021-11-26,18.61
2021-11-27,17.63
2021-11-28,17.77
2021-11-29,15.62
2021-11-30,17.07
2021-12-01,16.52
2021-12-02,15.61
2021-12-03,17.11
2021-12-04,15.69
2021-12-05,13.65
2021-12-06,11.93
2021-12-07,13.68
2021-12-08,12.26
2021-12-09,15.45
2021-12-10,12.34
2021-12-11,15.36
2021-12-12,15.42
2021-12-13,14.99
2021-12-14,14.03
2021-12-15,14.63
2021-12-16,14.42
2021-12-17,15.83
2021-12-18,15.44
2021-12-19,15.18
2021-12-20,14.25
2021-12-21,13.98
2021-12-22,14.27
2021-12-23,11.64
2021-12-24,10.22
2021-12-25,12.11
2021-12-26,12.65
2021-12-27,12.52
2021-12-28,12.7
2021-12-29,13.27
2021-12-30,12.42
2021-12-31,11.46
2022-01-01,12.11
2022-01-02,10.93
2022-01-03,12.01
2022-01-04,9.82
2022-01-05,12.06
2022-01-06,12.89
2022-01-07,13.18
2022-01-08,14.4
2022-01-09,16.22
2022-01-10,16.63
2022-01-11,12.92
2022-01-12,11.03
2022-01-13,10.59
2022-01-14,11.18
2022-01-15,12.3
2022-01-16,11.37
2022-01-17,11.98
2022-01-18,11.11
2022-01-19,10.69
2022-01-20,9.28
2022-01-21,8.96
2022-01-22,8.13
2022-01-23,8.07
2022-01-24,10.89
2022-01-25,10.12
2022-01-26,14.6
2022-01-27,14.85
2022-01-28,14.61
2022-01-29,12.99
2022-01-30,14.03
2022-01-31,13.02
2022-02-01,13.28
2022-02-02,16.91
2022-02-03,15.82
2022-02-04,16.81
2022-02-05,14.95
2022-02-06,14.58
2022-02-07,16.86
2022-02-08,15.18
2022-02-09,17.41
2022-02-10,17.5
2022-02-11,15.82
2022-02-12,16.32
2022-02-13,17.18
2022-02-14,17.35
2022-02-15,14.44
2022-02-16,13.56
2022-02-17,13.63
2022-02-18,13.96
2022-02-19,15.22
2022-02-20,15.54
2022-02-21,13.69
2022-02-22,14.81
2022-02-23,15.97
2022-02-24,16.79
2022-02-25,18.15
2022-02-26,18.82
2022-02-27,18.83
2022-02-28,18.14
2022-03-01,15.47
2022-03-02,16.52
2022-03-03,17.01
2022-03-04,17.51
2022-03-05,15.74
2022-03-06,14.8
2022-03-07,17.16
2022-03-08,17.38
2022-03-09,18.61
2022-03-10,18.63
2022-03-11,18.7
2022-03-12,20.07
2022-03-13,19.09
2022-03-14,19.29
2022-03-15,18.71
2022-03-16,18.38
2022-03-17,18.39
2022-03-18,19.19
2022-03-19,18.85
2022-03-20,21.09
2022-03-21,19.75
2022-03-22,19.84
2022-03-23,19.61
2022-03-24,22.14
2022-03-25,22.28
2022-03-26,23.61
2022-03-27,21.1
2022-03-28,21.82
2022-03-29,23.27
2022-03-30,23.24
2022-03-31,24.66
2022-04-01,23.53
2022-04-02,25.48
2022-04-03,28.2
2022-04-04,26.49
2022-04-05,25.2
2022-04-06,27.0
2022-04-07,28.54
2022-04-08,26.77
2022-04-09,25.7
2022-04-10,25.2
2022-04-11,23.41
2022-04-12,22.78
2022-04-13,22.27
2022-04-14,22.31
2022-04-15,23.42
2022-04-16,24.67
2022-04-17,27.47
2022-04-18,25.99
2022-04-19,27.76
2022-04-20,27.42
2022-04-21,27.47
2022-04-22,28.59
2022-04-23,26.94
2022-04-24,27.93
2022-04-25,28.4
2022-04-26,29.26
2022-04-27,29.66
2022-04-28,33.04
2022-04-29,31.21
2022-04-30,30.1
2022-05-01,29.24
2022-05-02,28.78
2022-05-03,28.39
2022-05-04,30.73
2022-05-05,32.8
2022-05-06,31.56
2022-05-07,30.37
2022-05-08,31.39
2022-05-09,30.75
2022-05-10,32.01
2022-05-11,32.38
2022-05-12,30.29
2022-05-13,33.14
2022-05-14,35.59
2022-05-15,34.04
2022-05-16,33.29
2022-05-17,33.76
2022-05-18,34.21
2022-05-19,35.05
2022-05-20,37.59
2022-05-21,36.42
2022-05-22,34.75
2022-05-23,32.79
2022-05-24,32.34
2022-05-25,33.04
2022-05-26,36.16
2022-05-27,35.21
2022-05-28,35.61
2022-05-29,35.61
2022-05-30,37.35
2022-05-31,40.51
2022-06-01,38.56
2022-06-02,37.25
2022-06-03,38.5
2022-06-04,38.94
2022-06-05,40.92
2022-06-06,40.62
2022-06-07,39.13
2022-06-08,39.42
2022-06-09,40.39
2022-06-10,40.72
2022-06-11,40.56
2022-06-12,41.26
2022-06-13,41.94
2022-06-14,42.77
2022-06-15,42.36
2022-06-16,40.96
2022-06-17,40.42
2022-06-18,41.55
2022-06-19,39.55
2022-06-20,39.8
2022-06-21,38.94
2022-06-22,38.94
2022-06-23,40.71
2022-06-24,40.48
2022-06-25,40.14
2022-06-26,37.94
2022-06-27,39.33
2022-06-28,40.21
2022-06-29,42.98
2022-06-30,41.54
2022-07-01,41.25
2022-07-02,41.1
2022-07-03,42.86
2022-07-04,41.8
2022-07-05,41.57
2022-07-06,41.88
2022-07-07,41.52
2022-07-08,40.38
2022-07-09,40.46
2022-07-10,41.76
2022-07-11,39.76
2022-07-12,39.94
2022-07-13,38.91
2022-07-14,40.82
2022-07-15,38.39
2022-07-16,37.99
2022-07-17,39.01
2022-07-18,41.4
2022-07-19,40.84
2022-07-20,39.74
2022-07-21,42.35
2022-07-22,39.57
2022-07-23,36.5
2022-07-24,37.98
2022-07-25,37.71
2022-07-26,36.78
2022-07-27,38.51
2022-07-28,39.1
2022-07-29,38.37
2022-07-30,36.83
2022-07-31,38.72
2022-08-01,39.74
2022-08-02,39.42
2022-08-03,41.88
2022-08-04,39.55
2022-08-05,37.21
2022-08-06,36.67
2022-08-07,37.16
2022-08-08,37.89
2022-08-09,37.71
2022-08-10,38.39
2022-08-11,36.6
2022-08-12,39.05
2022-08-13,38.65
2022-08-14,40.01
2022-08-15,39.87
2022-08-16,39.89
2022-08-17,40.03
2022-08-18,39.93
2022-08-19,40.09
2022-08-20,41.13
2022-08-21,40.25
2022-08-22,40.3
2022-08-23,39.17
2022-08-24,40.46
2022-08-25,38.38
2022-08-26,40.31
2022-08-27,39.08
2022-08-28,36.2
2022-08-29,36.27
2022-08-30,35.13
2022-08-31,36.4
2022-09-01,35.17
2022-09-02,34.53
2022-09-03,32.0
2022-09-04,32.14
2022-09-05,29.43
2022-09-06,28.6
2022-09-07,31.23
2022-09-08,33.11
2022-09-09,33.91
2022-09-10,32.47
2022-09-11,32.68
2022-09-12,32.83
2022-09-13,31.26
2022-09-14,33.81
2022-09-15,34.71
2022-09-16,33.76
2022-09-17,33.37
2022-09-18,33.28
2022-09-19,30.0
2022-09-20,30.1
2022-09-21,29.5
2022-09-22,28.56
2022-09-23,28.83
2022-09-24,31.88
2022-09-25,32.39
2022-09-26,31.0
2022-09-27,31.54
2022-09-28,33.02
2022-09-29,33.36
2022-09-30,32.33
2022-10-01,30.54
2022-10-02,31.07
2022-10-03,30.96
2022-10-04,31.51
2022-10-05,31.49
2022-10-06,31.99
2022-10-07,30.06
2022-10-08,31.21
2022-10-09,30.4
2022-10-10,32.38
2022-10-11,29.87
2022-10-12,31.39
2022-10-13,30.27
2022-10-14,28.21
2022-10-15,26.9
2022-10-16,26.11
2022-10-17,26.53
2022-10-18,26.9
2022-10-19,25.57
2022-10-20,25.31
2022-10-21,28.1
2022-10-22,29.46
2022-10-23,28.57
2022-10-24,27.31
2022-10-25,26.45
2022-10-26,26.46
2022-10-27,24.11
2022-10-28,23.43
2022-10-29,20.9
2022-10-30,21.91
2022-10-31,22.92
2022-11-01,22.01
2022-11-02,24.17
2022-11-03,21.74
2022-11-04,19.6
2022-11-05,20.36
2022-11-06,22.0
2022-11-07,24.02
2022-11-08,22.41
2022-11-09,23.35
2022-11-10,22.4
2022-11-11,21.47
2022-11-12,22.22
2022-11-13,22.39
2022-11-14,19.33
2022-11-15,21.34
2022-11-16,22.6
2022-11-17,20.65
2022-11-18,20.62
2022-11-19,20.69
2022-11-20,20.35
2022-11-21,18.93
2022-11-22,17.68
2022-11-23,17.63
2022-11-24,19.23
2022-11-25,19.45
2022-11-26,18.28
2022-11-27,18.99
2022-11-28,14.39
2022-11-29,16.63
2022-11-30,14.15
2022-12-01,14.25
2022-12-02,13.22
2022-12-03,12.19
2022-12-04,14.84
2022-12-05,14.44
2022-12-06,15.24
2022-12-07,15.23
2022-12-08,15.92
2022-12-09,15.82
2022-12-10,13.81
2022-12-11,15.52
2022-12-12,14.62
2022-12-13,12.46
2022-12-14,12.45
2022-12-15,15.12
2022-12-16,16.09
2022-12-17,15.09
2022-12-18,14.34
2022-12-19,13.81
2022-12-20,16.76
2022-12-21,16.48
2022-12-22,16.33
2022-12-23,17.03
2022-12-24,16.41
2022-12-25,15.25
2022-12-26,14.48
2022-12-27,14.08
2022-12-28,13.82
2022-12-29,14.69
2022-12-30,14.35
2022-12-31,15.05
2023-01-01,14.39
2023-01-02,14.13
2023-01-03,11.03
2023-01-04,12.86
2023-01-05,13.38
2023-01-06,14.66
2023-01-07,10.12
2023-01-08,13.82
2023-01-09,13.37
2023-01-10,14.78
2023-01-11,12.79
2023-01-12,13.67
2023-01-13,11.97
2023-01-14,11.35
2023-01-15,14.46
2023-01-16,13.76
2023-01-17,13.83
2023-01-18,14.79
2023-01-19,14.97
2023-01-20,14.63
2023-01-21,14.69
2023-01-22,17.6
2023-01-23,16.26
2023-01-24,15.67
2023-01-25,16.45
2023-01-26,17.1
2023-01-27,17.7
2023-01-28,17.38
2023-01-29,14.67
2023-01-30,16.63
2023-01-31,14.17
2023-02-01,14.44
2023-02-02,13.19
2023-02-03,13.27
2023-02-04,13.91
2023-02-05,14.38
2023-02-06,14.88
2023-02-07,16.95
2023-02-08,16.83
2023-02-09,15.81
2023-02-10,16.79
2023-02-11,17.84
2023-02-12,15.25
2023-02-13,15.97
2023-02-14,16.67
2023-02-15,15.81
2023-02-16,17.57
2023-02-17,16.74
2023-02-18,16.56
2023-02-19,16.06
2023-02-20,16.0
2023-02-21,14.44
2023-02-22,12.88
2023-02-23,16.05
2023-02-24,14.95
2023-02-25,14.0
2023-02-26,11.74
2023-02-27,12.28
2023-02-28,11.75
2023-03-01,15.57
2023-03-02,17.49
2023-03-03,16.54
2023-03-04,20.02
2023-03-05,20.8
2023-03-06,19.58
2023-03-07,15.71
2023-03-08,19.68
2023-03-09,17.44
2023-03-10,15.53
2023-03-11,17.94
2023-03-12,21.71
2023-03-13,23.01
2023-03-14,22.85
2023-03-15,22.83
2023-03-16,23.24
2023-03-17,23.46
2023-03-18,23.01
2023-03-19,22.49
2023-03-20,21.95
2023-03-21,20.65
2023-03-22,20.43
2023-03-23,18.36
2023-03-24,19.17
2023-03-25,18.56
2023-03-26,18.02
2023-03-27,19.5
2023-03-28,22.32
2023-03-29,23.75
2023-03-30,21.35
2023-03-31,20.51
2023-04-01,22.67
2023-04-02,21.59
2023-04-03,21.94
2023-04-04,23.34
2023-04-05,22.29
2023-04-06,23.1
2023-04-07,21.74
2023-04-08,21.84
2023-04-09,23.27
2023-04-10,21.69
2023-04-11,23.46
2023-04-12,24.16
2023-04-13,25.53
2023-04-14,26.12
2023-04-15,28.21
2023-04-16,28.04
2023-04-17,27.21
2023-04-18,27.45
2023-04-19,28.28
2023-04-20,28.24
2023-04-21,28.27
2023-04-22,27.32
2023-04-23,26.76
2023-04-24,25.38
2023-04-25,28.86
2023-04-26,27.24
2023-04-27,26.91
2023-04-28,26.7
2023-04-29,28.87
2023-04-30,28.83
2023-05-01,31.03
2023-05-02,29.98
2023-05-03,30.62
2023-05-04,29.58
2023-05-05,33.07
2023-05-06,30.98
2023-05-07,31.62
2023-05-08,32.61
2023-05-09,33.06
2023-05-10,32.61
2023-05-11,32.43
2023-05-12,32.59
2023-05-13,32.5
2023-05-14,34.05
2023-05-15,36.96
2023-05-16,35.24
2023-05-17,32.92
2023-05-18,33.1
2023-05-19,37.02
2023-05-20,35.16
2023-05-21,37.29
2023-05-22,38.93
2023-05-23,37.04
2023-05-24,37.3
2023-05-25,39.02
2023-05-26,37.5
2023-05-27,36.7
2023-05-28,35.64
2023-05-29,34.32
2023-05-30,33.92
2023-05-31,32.88
2023-06-01,33.93
2023-06-02,33.61
2023-06-03,34.83
2023-06-04,33.24
2023-06-05,34.78
2023-06-06,36.63
2023-06-07,34.05
2023-06-08,35.54
2023-06-09,37.85
2023-06-10,36.13
2023-06-11,38.97
2023-06-12,39.29
2023-06-13,37.98
2023-06-14,37.98
2023-06-15,38.87
2023-06-16,38.87
2023-06-17,39.55
2023-06-18,38.02
2023-06-19,38.47
2023-06-20,36.61
2023-06-21,37.12
2023-06-22,36.4
2023-06-23,36.14
2023-06-24,38.74
2023-06-25,40.43
2023-06-26,40.99
2023-06-27,39.03
2023-06-28,38.73
2023-06-29,40.67
2023-06-30,40.58
2023-07-01,43.58
2023-07-02,43.06
2023-07-03,42.42
2023-07-04,41.26
2023-07-05,41.06
2023-07-06,40.53
2023-07-07,41.36
2023-07-08,42.31
2023-07-09,40.56
2023-07-10,38.55
2023-07-11,36.39
2023-07-12,38.12
2023-07-13,37.12
2023-07-14,34.93
2023-07-15,36.91
2023-07-16,41.27
2023-07-17,40.92
2023-07-18,41.84
2023-07-19,41.44
2023-07-20,40.9
2023-07-21,41.92
2023-07-22,40.96
2023-07-23,41.04
2023-07-24,41.16
2023-07-25,39.85
2023-07-26,41.22
2023-07-27,40.56
2023-07-28,39.25
2023-07-29,40.11
2023-07-30,38.7
2023-07-31,38.96
2023-08-01,39.08
2023-08-02,40.68
2023-08-03,40.95
2023-08-04,40.43
2023-08-05,41.2
2023-08-06,42.54
2023-08-07,42.31
2023-08-08,41.36
2023-08-09,38.79
2023-08-10,37.26
2023-08-11,37.19
2023-08-12,36.69
2023-08-13,36.88
2023-08-14,37.33
2023-08-15,38.29
2023-08-16,38.1
2023-08-17,38.71
2023-08-18,38.52
2023-08-19,35.49
2023-08-20,34.72
2023-08-21,35.24
2023-08-22,34.09
2023-08-23,35.75
2023-08-24,38.2
2023-08-25,39.49
2023-08-26,38.37
2023-08-27,39.91
2023-08-28,39.09
2023-08-29,37.78
2023-08-30,36.4
2023-08-31,35.79
2023-09-01,35.19
2023-09-02,35.49
2023-09-03,35.64
2023-09-04,35.48
2023-09-05,35.92
2023-09-06,37.24
2023-09-07,37.8
2023-09-08,34.74
2023-09-09,30.99
2023-09-10,33.12
2023-09-11,31.38
2023-09-12,31.66
2023-09-13,30.49
2023-09-14,28.71
2023-09-15,30.65
2023-09-16,32.29
2023-09-17,31.54
2023-09-18,28.13
2023-09-19,28.47
2023-09-20,29.97
2023-09-21,28.38
2023-09-22,29.49
2023-09-23,29.96
2023-09-24,31.06
2023-09-25,31.16
2023-09-26,29.63
2023-09-27,31.51
2023-09-28,30.9
2023-09-29,30.58
2023-09-30,29.02
2023-10-01,28.52
2023-10-02,27.48
2023-10-03,27.66
2023-10-04,30.37
2023-10-05,27.94
2023-10-06,25.78
2023-10-07,28.49
2023-10-08,28.01
2023-10-09,26.97
2023-10-10,28.54
2023-10-11,27.3
2023-10-12,29.75
2023-10-13,29.85
2023-10-14,28.22
2023-10-15,30.68
2023-10-16,28.52
2023-10-17,28.79
2023-10-18,28.3
2023-10-19,29.28
2023-10-20,30.29
2023-10-21,28.81
2023-10-22,26.58
2023-10-23,26.61
2023-10-24,24.97
2023-10-25,27.5
2023-10-26,26.63
2023-10-27,25.23
2023-10-28,24.94
2023-10-29,22.52
2023-10-30,21.24
2023-10-31,23.3
2023-11-01,22.11
2023-11-02,20.66
2023-11-03,21.76
2023-11-04,23.41
2023-11-05,23.88
2023-11-06,24.55
2023-11-07,22.51
2023-11-08,20.06
2023-11-09,22.33
2023-11-10,21.35
2023-11-11,20.69
2023-11-12,22.36
2023-11-13,22.43
2023-11-14,22.29
2023-11-15,24.52
2023-11-16,22.14
2023-11-17,22.57
2023-11-18,21.61
2023-11-19,21.17
2023-11-20,22.56
2023-11-21,22.08
2023-11-22,21.72
2023-11-23,22.16
2023-11-24,20.42
2023-11-25,18.45
2023-11-26,16.7
2023-11-27,14.1
2023-11-28,17.82
2023-11-29,16.02
2023-11-30,15.92
2023-12-01,15.73
2023-12-02,16.36
2023-12-03,17.49
2023-12-04,18.32
2023-12-05,16.86
2023-12-06,16.35
2023-12-07,16.57
2023-12-08,15.95
2023-12-09,18.07
2023-12-10,17.99
2023-12-11,18.24
2023-12-12,18.29
2023-12-13,19.01
2023-12-14,18.1
2023-12-15,15.35
2023-12-16,15.71
2023-12-17,14.47
2023-12-18,13.72
2023-12-19,14.72
2023-12-20,16.32
2023-12-21,15.74
2023-12-22,15.71
2023-12-23,17.61
2023-12-24,16.91
2023-12-25,19.69
2023-12-26,18.83
2023-12-27,14.93
2023-12-28,15.62
2023-12-29,15.58
2023-12-30,16.81
2023-12-31,16.82
