order_id,order_date,product_category,order_amount_inr
OD100000,2023-01-02 11:00:00,Home & Kitchen,409.28
OD100001,2023-01-03 06:00:00,Fashion,9497.2
OD100002,2023-01-03 07:00:00,Electronics,208.42
OD100003,2023-01-03 11:00:00,Home & Kitchen,4259.54
OD100004,2023-01-03 12:00:00,Fashion,1689.35
OD100005,2023-01-04 00:00:00,Electronics,7716.53
OD100006,2023-01-04 02:00:00,Fashion,1460.05
OD100007,2023-01-05 13:00:00,Fashion,767.34
OD100008,2023-01-06 01:00:00,Home & Kitchen,1431.81
OD100009,2023-01-06 11:00:00,Fashion,248.43
OD100010,2023-01-06 13:00:00,Electronics,1305.48
OD100011,2023-01-06 16:00:00,Electronics,997.68
OD100012,2023-01-07 11:00:00,Fashion,2284.88
OD100013,2023-01-07 16:00:00,Electronics,2231.67
OD100014,2023-01-07 23:00:00,Home & Kitchen,618.15
OD100015,2023-01-08 03:00:00,Fashion,636.6
OD100016,2023-01-08 07:00:00,Home & Kitchen,418.88
OD100017,2023-01-08 08:00:00,Home & Kitchen,1698.83
OD100018,2023-01-08 22:00:00,Fashion,365.94
OD100019,2023-01-09 08:00:00,Electronics,196.81
OD100020,2023-01-09 20:00:00,Fashion,1689.56
OD100021,2023-01-11 10:00:00,Fashion,377.0
OD100022,2023-01-11 16:00:00,Electronics,1765.63
OD100023,2023-01-11 18:00:00,Home & Kitchen,1164.04
OD100024,2023-01-11 22:00:00,Electronics,1194.91
OD100025,2023-01-13 04:00:00,Grocery,241.6
OD100026,2023-01-13 06:00:00,Grocery,1032.15
OD100027,2023-01-13 13:00:00,Electronics,3563.04
OD100028,2023-01-13 16:00:00,Fashion,839.68
OD100029,2023-01-14 04:00:00,Electronics,3096.82
OD100030,2023-01-14 16:00:00,Home & Kitchen,945.75
OD100031,2023-01-15 00:00:00,Beauty,6374.56
OD100032,2023-01-15 11:00:00,Beauty,1530.84
OD100033,2023-01-15 20:00:00,Home & Kitchen,6490.03
OD100034,2023-01-16 15:00:00,Electronics,595.48
OD100035,2023-01-17 01:00:00,Fashion,685.81
OD100036,2023-01-17 22:00:00,Electronics,3754.63
OD100037,2023-01-18 12:00:00,Home & Kitchen,1315.32
OD100038,2023-01-18 18:00:00,Fashion,1369.86
OD100039,2023-01-18 21:00:00,Home & Kitchen,1505.62
OD100040,2023-01-20 09:00:00,Electronics,832.8
OD100041,2023-01-21 04:00:00,Electronics,847.67
OD100042,2023-01-21 09:00:00,Electronics,1838.61
OD100043,2023-01-21 11:00:00,Fashion,258.53
OD100044,2023-01-21 13:00:00,Fashion,2201.05
OD100045,2023-01-21 17:00:00,Electronics,2993.31
OD100046,2023-01-22 01:00:00,Electronics,2953.97
OD100047,2023-01-22 04:00:00,Electronics,2075.64
OD100048,2023-01-22 07:00:00,Grocery,238.12
OD100049,2023-01-22 15:00:00,Electronics,300.82
OD100050,2023-01-23 02:00:00,Fashion,534.54
OD100051,2023-01-23 10:00:00,Fashion,675.97
OD100052,2023-01-23 19:00:00,Fashion,4515.3
OD100053,2023-01-25 03:00:00,Electronics,1399.6
OD100054,2023-01-25 06:00:00,Beauty,1049.38
OD100055,2023-01-25 09:00:00,Beauty,671.51
OD100056,2023-01-25 13:00:00,Electronics,688.37
OD100057,2023-01-25 21:00:00,Fashion,5705.92
OD100058,2023-01-26 02:00:00,Home & Kitchen,918.36
OD100059,2023-01-26 07:00:00,Home & Kitchen,1672.65
OD100060,2023-01-27 09:00:00,Home & Kitchen,592.29
OD100061,2023-01-27 15:00:00,Electronics,5055.77
OD100062,2023-01-27 18:00:00,Home & Kitchen,1430.87
OD100063,2023-01-29 09:00:00,Grocery,955.0
OD100064,2023-01-29 20:00:00,Home & Kitchen,291.62
OD100065,2023-01-30 02:00:00,Fashion,683.91
OD100066,2023-01-31 21:00:00,Fashion,199.18
OD100067,2023-02-02 10:00:00,Fashion,367.58
OD100068,2023-02-02 14:00:00,Fashion,1400.16
OD100069,2023-02-02 15:00:00,Beauty,181.98
OD100070,2023-02-02 20:00:00,Electronics,523.49
OD100071,2023-02-03 07:00:00,Electronics,280.71
OD100072,2023-02-03 08:00:00,Fashion,1434.85
OD100073,2023-02-03 13:00:00,Fashion,643.39
OD100074,2023-02-03 15:00:00,Home & Kitchen,683.66
OD100075,2023-02-03 22:00:00,Electronics,1053.91
OD100076,2023-02-04 14:00:00,Electronics,184.59
OD100077,2023-02-04 18:00:00,Electronics,1741.9
OD100078,2023-02-05 06:00:00,Fashion,2625.65
OD100079,2023-02-05 07:00:00,Fashion,4078.64
OD100080,2023-02-06 00:00:00,Electronics,6577.22
OD100081,2023-02-06 23:00:00,Beauty,253.63
OD100082,2023-02-08 05:00:00,Beauty,4760.07
OD100083,2023-02-08 07:00:00,Beauty,271.9
OD100084,2023-02-09 07:00:00,Electronics,5686.8
OD100085,2023-02-09 16:00:00,Home & Kitchen,331.39
OD100086,2023-02-09 20:00:00,Fashion,1189.36
OD100087,2023-02-10 12:00:00,Fashion,257.04
OD100088,2023-02-12 02:00:00,Electronics,312.98
OD100089,2023-02-12 04:00:00,Electronics,2369.74
OD100090,2023-02-12 12:00:00,Electronics,652.24
OD100091,2023-02-13 02:00:00,Fashion,3433.0
OD100092,2023-02-13 12:00:00,Fashion,2790.81
OD100093,2023-02-14 02:00:00,Fashion,5350.52
OD100094,2023-02-14 10:00:00,Electronics,4131.64
OD100095,2023-02-14 14:00:00,Electronics,2130.31
OD100096,2023-02-15 01:00:00,Grocery,1641.86
OD100097,2023-02-15 09:00:00,Electronics,2080.69
OD100098,2023-02-15 15:00:00,Beauty,2476.35
OD100099,2023-02-15 23:00:00,Beauty,768.1
OD100100,2023-02-16 21:00:00,Beauty,227.58
OD100101,2023-02-18 11:00:00,Fashion,745.1
OD100102,2023-02-18 23:00:00,Beauty,826.44
OD100103,2023-02-19 03:00:00,Fashion,1283.99
OD100104,2023-02-19 04:00:00,Electronics,3997.25
OD100105,2023-02-19 12:00:00,Electronics,1285.56
OD100106,2023-02-19 14:00:00,Fashion,1822.35
OD100107,2023-02-20 18:00:00,Electronics,2181.57
OD100108,2023-02-21 06:00:00,Home & Kitchen,1577.76
OD100109,2023-02-21 13:00:00,Home & Kitchen,534.39
OD100110,2023-02-21 14:00:00,Home & Kitchen,210.13
OD100111,2023-02-21 16:00:00,Beauty,2305.2
OD100112,2023-02-22 00:00:00,Beauty,286.4
OD100113,2023-02-22 08:00:00,Electronics,2343.85
OD100114,2023-02-22 12:00:00,Electronics,375.04
OD100115,2023-02-23 11:00:00,Fashion,3017.56
OD100116,2023-02-24 10:00:00,Beauty,356.69
OD100117,2023-02-24 15:00:00,Fashion,3518.03
OD100118,2023-02-24 21:00:00,Home & Kitchen,185.79
OD100119,2023-02-25 05:00:00,Home & Kitchen,268.82
OD100120,2023-02-26 01:00:00,Beauty,382.38
OD100121,2023-02-27 09:00:00,Home & Kitchen,3888.18
OD100122,2023-02-27 15:00:00,Electronics,230.29
OD100123,2023-02-28 00:00:00,Fashion,384.42
OD100124,2023-03-01 07:00:00,Electronics,174.12
OD100125,2023-03-01 08:00:00,Fashion,2384.5
OD100126,2023-03-01 22:00:00,Grocery,673.46
OD100127,2023-03-02 19:00:00,Electronics,178.13
OD100128,2023-03-03 01:00:00,Fashion,1409.2
OD100129,2023-03-03 13:00:00,Electronics,3012.2
OD100130,2023-03-03 22:00:00,Home & Kitchen,738.24
OD100131,2023-03-04 00:00:00,Electronics,659.83
OD100132,2023-03-04 02:00:00,Fashion,248.09
OD100133,2023-03-04 17:00:00,Fashion,4761.81
OD100134,2023-03-05 01:00:00,Fashion,3394.55
OD100135,2023-03-05 20:00:00,Fashion,2034.97
OD100136,2023-03-06 02:00:00,Fashion,6279.87
OD100137,2023-03-06 12:00:00,Fashion,1875.57
OD100138,2023-03-06 15:00:00,Beauty,4005.55
OD100139,2023-03-06 21:00:00,Home & Kitchen,778.84
OD100140,2023-03-07 04:00:00,Fashion,795.9
OD100141,2023-03-07 14:00:00,Beauty,212.16
OD100142,2023-03-07 21:00:00,Fashion,2140.66
OD100143,2023-03-09 00:00:00,Fashion,2698.0
OD100144,2023-03-09 07:00:00,Home & Kitchen,985.41
OD100145,2023-03-09 10:00:00,Fashion,262.32
OD100146,2023-03-09 14:00:00,Fashion,476.86
OD100147,2023-03-09 16:00:00,Fashion,2501.09
OD100148,2023-03-09 22:00:00,Electronics,2509.35
OD100149,2023-03-10 00:00:00,Home & Kitchen,622.75
OD100150,2023-03-11 15:00:00,Beauty,7647.76
OD100151,2023-03-11 17:00:00,Home & Kitchen,3414.71
OD100152,2023-03-11 18:00:00,Electronics,4533.75
OD100153,2023-03-12 06:00:00,Electronics,2428.4
OD100154,2023-03-12 22:00:00,Home & Kitchen,3439.06
OD100155,2023-03-13 18:00:00,Electronics,3177.51
OD100156,2023-03-14 05:00:00,Electronics,2145.26
OD100157,2023-03-15 06:00:00,Grocery,891.41
OD100158,2023-03-15 09:00:00,Grocery,790.73
OD100159,2023-03-15 15:00:00,Beauty,925.4
OD100160,2023-03-16 04:00:00,Fashion,1046.93
OD100161,2023-03-16 15:00:00,Electronics,2428.39
OD100162,2023-03-17 14:00:00,Home & Kitchen,1150.04
OD100163,2023-03-17 18:00:00,Grocery,1260.56
OD100164,2023-03-18 01:00:00,Electronics,1110.57
OD100165,2023-03-18 03:00:00,Beauty,553.13
OD100166,2023-03-18 18:00:00,Fashion,3357.66
OD100167,2023-03-18 23:00:00,Fashion,201.56
OD100168,2023-03-19 03:00:00,Fashion,885.88
OD100169,2023-03-19 11:00:00,Electronics,377.34
OD100170,2023-03-19 12:00:00,Fashion,2859.97
OD100171,2023-03-20 01:00:00,Home & Kitchen,628.45
OD100172,2023-03-20 09:00:00,Electronics,683.47
OD100173,2023-03-20 18:00:00,Beauty,1157.79
OD100174,2023-03-20 21:00:00,Electronics,1124.85
OD100175,2023-03-21 04:00:00,Fashion,1387.81
OD100176,2023-03-21 13:00:00,Electronics,1699.11
OD100177,2023-03-21 15:00:00,Electronics,399.39
OD100178,2023-03-22 08:00:00,Fashion,153.7
OD100179,2023-03-22 12:00:00,Home & Kitchen,1289.44
OD100180,2023-03-22 15:00:00,Fashion,1740.09
OD100181,2023-03-22 16:00:00,Electronics,2422.5
OD100182,2023-03-22 21:00:00,Fashion,214.22
OD100183,2023-03-24 03:00:00,Beauty,2020.37
OD100184,2023-03-24 05:00:00,Fashion,1393.44
OD100185,2023-03-24 21:00:00,Fashion,4062.75
OD100186,2023-03-25 05:00:00,Fashion,1720.85
OD100187,2023-03-25 06:00:00,Fashion,2331.15
OD100188,2023-03-25 14:00:00,Beauty,1035.78
OD100189,2023-03-25 20:00:00,Electronics,5675.15
OD100190,2023-03-26 09:00:00,Beauty,351.04
OD100191,2023-03-26 12:00:00,Beauty,4027.3
OD100192,2023-03-27 00:00:00,Fashion,613.64
OD100193,2023-03-27 17:00:00,Electronics,281.73
OD100194,2023-03-27 20:00:00,Grocery,1547.7
OD100195,2023-03-28 03:00:00,Fashion,2467.27
OD100196,2023-03-28 12:00:00,Electronics,1730.54
OD100197,2023-03-28 19:00:00,Beauty,259.77
OD100198,2023-03-30 02:00:00,Fashion,1468.55
OD100199,2023-03-31 17:00:00,Fashion,2162.32
OD100200,2023-03-31 18:00:00,Grocery,1032.4
OD100201,2023-03-31 21:00:00,Home & Kitchen,1479.13
OD100202,2023-04-01 01:00:00,Electronics,2378.45
OD100203,2023-04-01 04:00:00,Electronics,1768.66
OD100204,2023-04-02 14:00:00,Grocery,342.02
OD100205,2023-04-02 15:00:00,Fashion,1601.81
OD100206,2023-04-03 04:00:00,Home & Kitchen,977.58
OD100207,2023-04-03 22:00:00,Electronics,929.88
OD100208,2023-04-04 02:00:00,Electronics,1769.62
OD100209,2023-04-04 06:00:00,Electronics,884.61
OD100210,2023-04-04 10:00:00,Electronics,496.65
OD100211,2023-04-04 17:00:00,Electronics,233.03
OD100212,2023-04-05 01:00:00,Electronics,1770.06
OD100213,2023-04-05 06:00:00,Fashion,6722.76
OD100214,2023-04-05 13:00:00,Electronics,4212.3
OD100215,2023-04-05 15:00:00,Fashion,608.03
OD100216,2023-04-07 18:00:00,Electronics,1984.15
OD100217,2023-04-08 00:00:00,Electronics,611.97
OD100218,2023-04-10 10:00:00,Electronics,2697.59
OD100219,2023-04-11 22:00:00,Electronics,997.33
OD100220,2023-04-12 01:00:00,Fashion,671.14
OD100221,2023-04-12 06:00:00,Fashion,292.39
OD100222,2023-04-12 15:00:00,Electronics,3671.97
OD100223,2023-04-12 16:00:00,Electronics,529.73
OD100224,2023-04-14 09:00:00,Fashion,2351.25
OD100225,2023-04-14 18:00:00,Fashion,508.76
OD100226,2023-04-15 06:00:00,Electronics,262.54
OD100227,2023-04-15 11:00:00,Electronics,1321.41
OD100228,2023-04-16 07:00:00,Electronics,2217.02
OD100229,2023-04-16 21:00:00,Fashion,1617.93
OD100230,2023-04-17 07:00:00,Home & Kitchen,236.29
OD100231,2023-04-17 17:00:00,Fashion,2487.26
OD100232,2023-04-17 23:00:00,Beauty,476.26
OD100233,2023-04-18 12:00:00,Fashion,5788.99
OD100234,2023-04-19 10:00:00,Electronics,607.5
OD100235,2023-04-19 14:00:00,Electronics,1839.36
OD100236,2023-04-20 02:00:00,Electronics,4859.79
OD100237,2023-04-20 03:00:00,Fashion,669.26
OD100238,2023-04-20 04:00:00,Home & Kitchen,809.57
OD100239,2023-04-20 08:00:00,Fashion,1055.31
OD100240,2023-04-21 01:00:00,Fashion,994.82
OD100241,2023-04-21 11:00:00,Electronics,4604.72
OD100242,2023-04-21 15:00:00,Electronics,2881.71
OD100243,2023-04-22 13:00:00,Fashion,1281.81
OD100244,2023-04-22 21:00:00,Fashion,5150.91
OD100245,2023-04-23 07:00:00,Beauty,1788.33
OD100246,2023-04-23 10:00:00,Fashion,409.54
OD100247,2023-04-23 19:00:00,Beauty,1586.08
OD100248,2023-04-24 01:00:00,Electronics,1851.06
OD100249,2023-04-24 04:00:00,Electronics,453.42
OD100250,2023-04-24 14:00:00,Fashion,1447.23
OD100251,2023-04-25 12:00:00,Fashion,464.19
OD100252,2023-04-25 15:00:00,Beauty,6609.49
OD100253,2023-04-25 18:00:00,Beauty,2686.09
OD100254,2023-04-26 01:00:00,Fashion,5980.21
OD100255,2023-04-26 15:00:00,Fashion,1775.71
OD100256,2023-04-27 03:00:00,Home & Kitchen,1372.87
OD100257,2023-04-27 07:00:00,Electronics,1589.56
OD100258,2023-04-27 11:00:00,Electronics,1716.69
OD100259,2023-04-27 20:00:00,Fashion,430.61
OD100260,2023-04-27 23:00:00,Electronics,3060.97
OD100261,2023-04-28 09:00:00,Beauty,512.57
OD100262,2023-04-28 19:00:00,Grocery,1947.78
OD100263,2023-04-28 21:00:00,Fashion,703.4
OD100264,2023-04-29 00:00:00,Fashion,2962.5
OD100265,2023-04-29 14:00:00,Fashion,702.23
OD100266,2023-04-29 21:00:00,Beauty,2145.53
OD100267,2023-04-30 11:00:00,Home & Kitchen,1462.28
OD100268,2023-04-30 14:00:00,Fashion,306.92
OD100269,2023-04-30 22:00:00,Fashion,384.97
OD100270,2023-05-01 00:00:00,Beauty,4357.98
OD100271,2023-05-01 10:00:00,Fashion,922.0
OD100272,2023-05-01 20:00:00,Beauty,3953.0
OD100273,2023-05-02 02:00:00,Grocery,1302.62
OD100274,2023-05-02 04:00:00,Electronics,1292.9
OD100275,2023-05-02 16:00:00,Grocery,1421.2
OD100276,2023-05-03 16:00:00,Fashion,1316.72
OD100277,2023-05-04 05:00:00,Electronics,1726.91
OD100278,2023-05-06 00:00:00,Electronics,2003.49
OD100279,2023-05-08 14:00:00,Home & Kitchen,2620.78
OD100280,2023-05-08 20:00:00,Fashion,1953.55
OD100281,2023-05-08 22:00:00,Beauty,1721.23
OD100282,2023-05-09 01:00:00,Fashion,2895.71
OD100283,2023-05-09 05:00:00,Home & Kitchen,2052.55
OD100284,2023-05-09 13:00:00,Home & Kitchen,2856.74
OD100285,2023-05-09 18:00:00,Electronics,909.93
OD100286,2023-05-09 20:00:00,Fashion,1793.72
OD100287,2023-05-09 22:00:00,Fashion,5497.2
OD100288,2023-05-10 02:00:00,Home & Kitchen,1709.14
OD100289,2023-05-10 04:00:00,Electronics,1202.32
OD100290,2023-05-10 15:00:00,Fashion,1095.73
OD100291,2023-05-10 21:00:00,Electronics,886.03
OD100292,2023-05-11 04:00:00,Fashion,206.31
OD100293,2023-05-11 07:00:00,Beauty,994.6
OD100294,2023-05-11 16:00:00,Electronics,529.95
OD100295,2023-05-12 00:00:00,Home & Kitchen,4451.66
OD100296,2023-05-12 01:00:00,Electronics,2370.74
OD100297,2023-05-14 10:00:00,Beauty,5390.57
OD100298,2023-05-14 13:00:00,Fashion,190.94
OD100299,2023-05-14 15:00:00,Electronics,953.3
OD100300,2023-05-14 21:00:00,Fashion,1934.2
OD100301,2023-05-15 03:00:00,Electronics,974.23
OD100302,2023-05-15 13:00:00,Beauty,2924.06
OD100303,2023-05-15 17:00:00,Fashion,1584.9
OD100304,2023-05-16 07:00:00,Electronics,976.15
OD100305,2023-05-16 10:00:00,Home & Kitchen,4478.48
OD100306,2023-05-17 00:00:00,Electronics,1812.09
OD100307,2023-05-18 19:00:00,Electronics,2115.48
OD100308,2023-05-20 10:00:00,Beauty,181.93
OD100309,2023-05-21 05:00:00,Fashion,6454.87
OD100310,2023-05-21 06:00:00,Grocery,4735.47
OD100311,2023-05-21 21:00:00,Fashion,893.31
OD100312,2023-05-22 01:00:00,Fashion,690.1
OD100313,2023-05-22 05:00:00,Grocery,3414.41
OD100314,2023-05-22 12:00:00,Home & Kitchen,755.46
OD100315,2023-05-23 10:00:00,Electronics,5600.16
OD100316,2023-05-23 16:00:00,Grocery,3920.65
OD100317,2023-05-23 22:00:00,Electronics,5356.39
OD100318,2023-05-24 01:00:00,Electronics,3309.75
OD100319,2023-05-24 02:00:00,Beauty,412.61
OD100320,2023-05-24 15:00:00,Fashion,350.39
OD100321,2023-05-25 07:00:00,Fashion,1731.66
OD100322,2023-05-26 02:00:00,Home & Kitchen,719.73
OD100323,2023-05-26 07:00:00,Electronics,2442.57
OD100324,2023-05-26 19:00:00,Home & Kitchen,284.59
OD100325,2023-05-27 11:00:00,Beauty,507.18
OD100326,2023-05-28 06:00:00,Fashion,2231.0
OD100327,2023-05-28 23:00:00,Beauty,2480.79
OD100328,2023-05-29 04:00:00,Electronics,1868.81
OD100329,2023-05-29 16:00:00,Fashion,160.01
OD100330,2023-05-30 02:00:00,Fashion,4894.89
OD100331,2023-05-30 11:00:00,Grocery,731.88
OD100332,2023-05-30 16:00:00,Fashion,182.53
OD100333,2023-05-31 05:00:00,Fashion,3896.99
OD100334,2023-06-01 04:00:00,Fashion,1994.94
OD100335,2023-06-02 01:00:00,Home & Kitchen,301.43
OD100336,2023-06-02 08:00:00,Fashion,536.95
OD100337,2023-06-02 11:00:00,Fashion,3401.88
OD100338,2023-06-02 14:00:00,Electronics,5658.59
OD100339,2023-06-02 17:00:00,Grocery,804.57
OD100340,2023-06-03 04:00:00,Electronics,1204.53
OD100341,2023-06-03 17:00:00,Fashion,672.18
OD100342,2023-06-04 16:00:00,Fashion,2402.37
OD100343,2023-06-05 00:00:00,Fashion,4885.38
OD100344,2023-06-05 14:00:00,Electronics,307.12
OD100345,2023-06-05 17:00:00,Grocery,3167.4
OD100346,2023-06-05 23:00:00,Beauty,1149.45
OD100347,2023-06-06 14:00:00,Electronics,229.88
OD100348,2023-06-06 15:00:00,Electronics,713.27
OD100349,2023-06-07 15:00:00,Electronics,3635.86
OD100350,2023-06-07 23:00:00,Fashion,1490.77
OD100351,2023-06-08 01:00:00,Electronics,219.5
OD100352,2023-06-08 05:00:00,Electronics,449.5
OD100353,2023-06-09 07:00:00,Grocery,1649.52
OD100354,2023-06-09 17:00:00,Fashion,2263.55
OD100355,2023-06-09 18:00:00,Electronics,2062.58
OD100356,2023-06-10 00:00:00,Home & Kitchen,1426.84
OD100357,2023-06-10 15:00:00,Home & Kitchen,2932.94
OD100358,2023-06-11 02:00:00,Grocery,6026.67
OD100359,2023-06-12 01:00:00,Fashion,1585.46
OD100360,2023-06-12 04:00:00,Home & Kitchen,725.08
OD100361,2023-06-12 06:00:00,Electronics,2364.1
OD100362,2023-06-13 05:00:00,Fashion,1191.72
OD100363,2023-06-13 10:00:00,Fashion,3190.98
OD100364,2023-06-14 13:00:00,Fashion,428.15
OD100365,2023-06-16 05:00:00,Fashion,247.98
OD100366,2023-06-17 04:00:00,Fashion,2828.06
OD100367,2023-06-17 07:00:00,Fashion,1478.58
OD100368,2023-06-17 13:00:00,Grocery,2741.21
OD100369,2023-06-18 08:00:00,Fashion,236.55
OD100370,2023-06-19 10:00:00,Home & Kitchen,1276.64
OD100371,2023-06-19 21:00:00,Home & Kitchen,370.22
OD100372,2023-06-20 02:00:00,Electronics,3668.42
OD100373,2023-06-20 05:00:00,Beauty,4007.89
OD100374,2023-06-20 12:00:00,Fashion,5109.28
OD100375,2023-06-20 16:00:00,Grocery,918.95
OD100376,2023-06-21 06:00:00,Electronics,1046.54
OD100377,2023-06-21 15:00:00,Fashion,5036.84
OD100378,2023-06-21 17:00:00,Electronics,638.06
OD100379,2023-06-22 06:00:00,Beauty,796.33
OD100380,2023-06-22 09:00:00,Home & Kitchen,1573.8
OD100381,2023-06-22 11:00:00,Grocery,1372.84
OD100382,2023-06-22 16:00:00,Electronics,501.39
OD100383,2023-06-23 12:00:00,Electronics,4738.61
OD100384,2023-06-23 19:00:00,Fashion,932.35
OD100385,2023-06-24 04:00:00,Fashion,5415.72
OD100386,2023-06-24 17:00:00,Fashion,3169.87
OD100387,2023-06-25 09:00:00,Beauty,1865.95
OD100388,2023-06-25 16:00:00,Home & Kitchen,1258.68
OD100389,2023-06-25 20:00:00,Electronics,9128.28
OD100390,2023-06-26 07:00:00,Fashion,1217.68
OD100391,2023-06-27 03:00:00,Electronics,1134.66
OD100392,2023-06-27 08:00:00,Electronics,3484.51
OD100393,2023-06-27 11:00:00,Electronics,6970.74
OD100394,2023-06-27 20:00:00,Fashion,1862.2
OD100395,2023-06-28 00:00:00,Home & Kitchen,266.7
OD100396,2023-06-28 02:00:00,Electronics,6065.85
OD100397,2023-06-28 10:00:00,Fashion,680.01
OD100398,2023-06-28 12:00:00,Electronics,514.59
OD100399,2023-06-29 13:00:00,Beauty,205.8
OD100400,2023-06-29 17:00:00,Electronics,4045.91
OD100401,2023-06-30 13:00:00,Fashion,166.42
OD100402,2023-06-30 21:00:00,Beauty,1429.61
OD100403,2023-07-01 06:00:00,Fashion,800.77
OD100404,2023-07-01 17:00:00,Home & Kitchen,1280.85
OD100405,2023-07-02 04:00:00,Fashion,920.78
OD100406,2023-07-02 20:00:00,Fashion,1411.65
OD100407,2023-07-03 00:00:00,Electronics,1411.01
OD100408,2023-07-03 12:00:00,Electronics,9049.19
OD100409,2023-07-03 23:00:00,Electronics,2632.49
OD100410,2023-07-04 10:00:00,Home & Kitchen,279.99
OD100411,2023-07-04 11:00:00,Electronics,449.85
OD100412,2023-07-05 01:00:00,Electronics,2255.63
OD100413,2023-07-05 08:00:00,Home & Kitchen,2703.41
OD100414,2023-07-05 22:00:00,Fashion,1039.82
OD100415,2023-07-06 01:00:00,Fashion,864.77
OD100416,2023-07-06 09:00:00,Electronics,510.69
OD100417,2023-07-06 19:00:00,Beauty,4871.85
OD100418,2023-07-07 15:00:00,Fashion,2944.42
OD100419,2023-07-08 20:00:00,Home & Kitchen,476.31
OD100420,2023-07-11 09:00:00,Electronics,3769.35
OD100421,2023-07-12 01:00:00,Fashion,194.67
OD100422,2023-07-12 08:00:00,Home & Kitchen,5358.66
OD100423,2023-07-12 22:00:00,Fashion,4054.02
OD100424,2023-07-13 03:00:00,Beauty,3114.26
OD100425,2023-07-14 09:00:00,Fashion,2075.51
OD100426,2023-07-15 23:00:00,Grocery,275.08
OD100427,2023-07-16 21:00:00,Electronics,1505.73
OD100428,2023-07-17 09:00:00,Home & Kitchen,2088.96
OD100429,2023-07-17 12:00:00,Beauty,1059.37
OD100430,2023-07-18 06:00:00,Fashion,7941.92
OD100431,2023-07-18 21:00:00,Beauty,2758.07
OD100432,2023-07-19 12:00:00,Home & Kitchen,856.21
OD100433,2023-07-20 08:00:00,Home & Kitchen,563.45
OD100434,2023-07-20 18:00:00,Fashion,1555.89
OD100435,2023-07-21 13:00:00,Electronics,5871.97
OD100436,2023-07-21 20:00:00,Beauty,1728.99
OD100437,2023-07-22 17:00:00,Electronics,1523.59
OD100438,2023-07-23 08:00:00,Fashion,210.2
OD100439,2023-07-24 00:00:00,Electronics,1356.13
OD100440,2023-07-24 01:00:00,Beauty,470.66
OD100441,2023-07-24 05:00:00,Home & Kitchen,3397.58
OD100442,2023-07-24 17:00:00,Fashion,1747.89
OD100443,2023-07-25 03:00:00,Electronics,308.16
OD100444,2023-07-25 12:00:00,Grocery,1841.92
OD100445,2023-07-26 22:00:00,Beauty,3778.75
OD100446,2023-07-27 10:00:00,Beauty,387.81
OD100447,2023-07-28 07:00:00,Electronics,2897.69
OD100448,2023-07-28 09:00:00,Grocery,6955.49
OD100449,2023-07-28 10:00:00,Home & Kitchen,7148.92
OD100450,2023-07-28 17:00:00,Home & Kitchen,2724.71
OD100451,2023-07-28 18:00:00,Fashion,4423.62
OD100452,2023-07-28 23:00:00,Electronics,536.86
OD100453,2023-07-29 06:00:00,Grocery,2158.66
OD100454,2023-07-29 14:00:00,Fashion,1151.87
OD100455,2023-07-29 20:00:00,Beauty,175.22
OD100456,2023-07-30 14:00:00,Fashion,1713.47
OD100457,2023-07-31 13:00:00,Home & Kitchen,292.55
OD100458,2023-07-31 14:00:00,Electronics,550.0
OD100459,2023-08-01 03:00:00,Grocery,255.92
OD100460,2023-08-02 03:00:00,Electronics,4472.39
OD100461,2023-08-02 13:00:00,Home & Kitchen,1858.78
OD100462,2023-08-03 03:00:00,Fashion,1867.54
OD100463,2023-08-03 15:00:00,Electronics,2041.56
OD100464,2023-08-03 23:00:00,Electronics,181.24
OD100465,2023-08-04 02:00:00,Fashion,1410.3
OD100466,2023-08-04 10:00:00,Fashion,3643.93
OD100467,2023-08-04 14:00:00,Home & Kitchen,2210.65
OD100468,2023-08-04 21:00:00,Electronics,270.91
OD100469,2023-08-05 10:00:00,Grocery,1280.25
OD100470,2023-08-05 14:00:00,Fashion,896.21
OD100471,2023-08-05 19:00:00,Home & Kitchen,1247.97
OD100472,2023-08-06 16:00:00,Beauty,2546.91
OD100473,2023-08-07 03:00:00,Electronics,3315.95
OD100474,2023-08-07 11:00:00,Beauty,2553.37
OD100475,2023-08-08 01:00:00,Fashion,1563.96
OD100476,2023-08-08 07:00:00,Electronics,1185.18
OD100477,2023-08-08 10:00:00,Electronics,1027.85
OD100478,2023-08-08 11:00:00,Home & Kitchen,932.99
OD100479,2023-08-08 17:00:00,Electronics,2592.28
OD100480,2023-08-08 21:00:00,Home & Kitchen,779.58
OD100481,2023-08-09 07:00:00,Electronics,1047.66
OD100482,2023-08-09 11:00:00,Fashion,1665.22
OD100483,2023-08-10 09:00:00,Beauty,1853.35
OD100484,2023-08-10 20:00:00,Electronics,2814.48
OD100485,2023-08-10 23:00:00,Electronics,4873.83
OD100486,2023-08-11 01:00:00,Grocery,1045.02
OD100487,2023-08-11 05:00:00,Electronics,2308.85
OD100488,2023-08-11 08:00:00,Electronics,768.29
OD100489,2023-08-11 11:00:00,Electronics,1183.87
OD100490,2023-08-11 20:00:00,Fashion,1664.82
OD100491,2023-08-12 14:00:00,Grocery,242.81
OD100492,2023-08-13 05:00:00,Home & Kitchen,1276.92
OD100493,2023-08-13 12:00:00,Fashion,547.23
OD100494,2023-08-14 23:00:00,Electronics,284.37
OD100495,2023-08-15 11:00:00,Fashion,2486.25
OD100496,2023-08-15 17:00:00,Fashion,310.84
OD100497,2023-08-16 06:00:00,Fashion,8279.21
OD100498,2023-08-17 03:00:00,Grocery,3427.18
OD100499,2023-08-17 04:00:00,Fashion,7023.97
OD100500,2023-08-17 07:00:00,Beauty,651.08
OD100501,2023-08-17 11:00:00,Electronics,2768.32
OD100502,2023-08-17 12:00:00,Beauty,2275.23
OD100503,2023-08-18 00:00:00,Fashion,979.79
OD100504,2023-08-18 03:00:00,Home & Kitchen,2334.77
OD100505,2023-08-18 08:00:00,Electronics,4138.08
OD100506,2023-08-18 18:00:00,Beauty,2362.56
OD100507,2023-08-19 05:00:00,Beauty,2923.55
OD100508,2023-08-19 10:00:00,Home & Kitchen,941.08
OD100509,2023-08-19 16:00:00,Beauty,3623.27
OD100510,2023-08-20 05:00:00,Fashion,7255.35
OD100511,2023-08-20 07:00:00,Home & Kitchen,1125.52
OD100512,2023-08-20 13:00:00,Electronics,3979.48
OD100513,2023-08-21 09:00:00,Grocery,1582.82
OD100514,2023-08-21 18:00:00,Beauty,1280.63
OD100515,2023-08-22 06:00:00,Grocery,1810.73
OD100516,2023-08-22 14:00:00,Electronics,1107.59
OD100517,2023-08-23 01:00:00,Beauty,1917.58
OD100518,2023-08-23 10:00:00,Beauty,366.4
OD100519,2023-08-23 16:00:00,Fashion,455.65
OD100520,2023-08-24 04:00:00,Electronics,2326.71
OD100521,2023-08-24 19:00:00,Electronics,1878.52
OD100522,2023-08-24 22:00:00,Home & Kitchen,452.55
OD100523,2023-08-26 04:00:00,Electronics,247.07
OD100524,2023-08-26 17:00:00,Grocery,1844.59
OD100525,2023-08-26 21:00:00,Home & Kitchen,454.24
OD100526,2023-08-27 00:00:00,Electronics,1278.13
OD100527,2023-08-27 10:00:00,Fashion,617.5
OD100528,2023-08-27 12:00:00,Beauty,952.29
OD100529,2023-08-27 15:00:00,Home & Kitchen,453.33
OD100530,2023-08-28 03:00:00,Fashion,1664.23
OD100531,2023-08-28 16:00:00,Electronics,2948.06
OD100532,2023-08-29 07:00:00,Grocery,1255.56
OD100533,2023-08-29 12:00:00,Fashion,1751.58
OD100534,2023-08-29 22:00:00,Home & Kitchen,3829.13
OD100535,2023-08-30 06:00:00,Electronics,852.79
OD100536,2023-08-31 03:00:00,Grocery,1954.69
OD100537,2023-08-31 11:00:00,Home & Kitchen,7168.61
OD100538,2023-08-31 15:00:00,Home & Kitchen,628.32
OD100539,2023-08-31 21:00:00,Grocery,986.46
OD100540,2023-09-01 17:00:00,Grocery,942.5
OD100541,2023-09-01 21:00:00,Electronics,272.14
OD100542,2023-09-02 04:00:00,Beauty,1855.43
OD100543,2023-09-03 05:00:00,Fashion,1729.2
OD100544,2023-09-03 09:00:00,Electronics,890.47
OD100545,2023-09-03 10:00:00,Electronics,1266.5
OD100546,2023-09-03 14:00:00,Electronics,4952.96
OD100547,2023-09-03 15:00:00,Home & Kitchen,1668.07
OD100548,2023-09-03 16:00:00,Fashion,2394.31
OD100549,2023-09-04 07:00:00,Electronics,631.1
OD100550,2023-09-04 12:00:00,Beauty,1245.5
OD100551,2023-09-04 13:00:00,Fashion,9135.02
OD100552,2023-09-04 20:00:00,Home & Kitchen,7915.05
OD100553,2023-09-05 03:00:00,Beauty,2314.26
OD100554,2023-09-05 08:00:00,Electronics,5559.67
OD100555,2023-09-06 02:00:00,Grocery,1749.26
OD100556,2023-09-07 02:00:00,Fashion,732.22
OD100557,2023-09-07 03:00:00,Fashion,768.37
OD100558,2023-09-07 11:00:00,Fashion,365.28
OD100559,2023-09-07 13:00:00,Grocery,497.05
OD100560,2023-09-08 03:00:00,Fashion,505.94
OD100561,2023-09-08 10:00:00,Fashion,1916.17
OD100562,2023-09-08 13:00:00,Home & Kitchen,8371.56
OD100563,2023-09-09 03:00:00,Fashion,2241.24
OD100564,2023-09-09 17:00:00,Electronics,5581.38
OD100565,2023-09-10 07:00:00,Electronics,810.33
OD100566,2023-09-10 18:00:00,Beauty,2615.97
OD100567,2023-09-11 01:00:00,Electronics,1769.11
OD100568,2023-09-11 07:00:00,Electronics,7903.75
OD100569,2023-09-11 08:00:00,Fashion,1237.79
OD100570,2023-09-12 23:00:00,Beauty,408.94
OD100571,2023-09-13 02:00:00,Fashion,792.93
OD100572,2023-09-13 10:00:00,Fashion,544.82
OD100573,2023-09-14 02:00:00,Fashion,1942.86
OD100574,2023-09-14 18:00:00,Grocery,5515.45
OD100575,2023-09-16 00:00:00,Electronics,1143.35
OD100576,2023-09-16 02:00:00,Electronics,2673.78
OD100577,2023-09-17 04:00:00,Electronics,167.79
OD100578,2023-09-18 08:00:00,Fashion,3172.5
OD100579,2023-09-19 02:00:00,Home & Kitchen,646.63
OD100580,2023-09-20 08:00:00,Fashion,4482.71
OD100581,2023-09-20 15:00:00,Fashion,4230.21
OD100582,2023-09-20 21:00:00,Home & Kitchen,244.97
OD100583,2023-09-21 12:00:00,Electronics,526.05
OD100584,2023-09-22 06:00:00,Electronics,840.96
OD100585,2023-09-22 11:00:00,Home & Kitchen,914.67
OD100586,2023-09-23 00:00:00,Home & Kitchen,1926.43
OD100587,2023-09-23 02:00:00,Home & Kitchen,1415.02
OD100588,2023-09-23 04:00:00,Fashion,2117.36
OD100589,2023-09-23 05:00:00,Electronics,333.31
OD100590,2023-09-24 00:00:00,Beauty,235.12
OD100591,2023-09-24 04:00:00,Grocery,1437.94
OD100592,2023-09-24 10:00:00,Fashion,951.94
OD100593,2023-09-24 19:00:00,Electronics,1179.3
OD100594,2023-09-26 11:00:00,Fashion,4471.92
OD100595,2023-09-26 12:00:00,Electronics,1400.01
OD100596,2023-09-27 17:00:00,Electronics,1493.82
OD100597,2023-09-27 19:00:00,Fashion,764.6
OD100598,2023-09-28 11:00:00,Fashion,1086.89
OD100599,2023-09-29 02:00:00,Electronics,592.08
OD100600,2023-09-29 04:00:00,Fashion,7475.87
OD100601,2023-09-30 02:00:00,Home & Kitchen,2950.63
OD100602,2023-09-30 17:00:00,Beauty,620.86
OD100603,2023-09-30 21:00:00,Home & Kitchen,450.61
OD100604,2023-10-01 08:00:00,Electronics,1015.35
OD100605,2023-10-01 09:00:00,Electronics,801.89
OD100606,2023-10-01 11:00:00,Beauty,6823.87
OD100607,2023-10-02 00:00:00,Electronics,532.38
OD100608,2023-10-02 19:00:00,Home & Kitchen,430.18
OD100609,2023-10-03 11:00:00,Fashion,1761.79
OD100610,2023-10-03 22:00:00,Electronics,1330.69
OD100611,2023-10-04 06:00:00,Home & Kitchen,2461.6
OD100612,2023-10-04 15:00:00,Electronics,7813.54
OD100613,2023-10-05 12:00:00,Electronics,4180.04
OD100614,2023-10-06 17:00:00,Fashion,10981.28
OD100615,2023-10-07 02:00:00,Fashion,2049.68
OD100616,2023-10-07 05:00:00,Grocery,1459.84
OD100617,2023-10-07 06:00:00,Fashion,165.45
OD100618,2023-10-08 21:00:00,Fashion,237.47
OD100619,2023-10-09 12:00:00,Grocery,1321.44
OD100620,2023-10-10 01:00:00,Fashion,696.44
OD100621,2023-10-10 04:00:00,Beauty,2038.5
OD100622,2023-10-10 21:00:00,Fashion,5360.77
OD100623,2023-10-11 13:00:00,Beauty,451.42
OD100624,2023-10-12 12:00:00,Fashion,876.19
OD100625,2023-10-12 17:00:00,Home & Kitchen,3034.56
OD100626,2023-10-13 01:00:00,Electronics,3674.26
OD100627,2023-10-13 12:00:00,Fashion,1845.27
OD100628,2023-10-13 23:00:00,Home & Kitchen,2264.61
OD100629,2023-10-14 05:00:00,Fashion,6312.94
OD100630,2023-10-14 07:00:00,Home & Kitchen,1178.27
OD100631,2023-10-14 15:00:00,Electronics,1982.84
OD100632,2023-10-14 16:00:00,Electronics,203.38
OD100633,2023-10-15 00:00:00,Fashion,1290.06
OD100634,2023-10-15 22:00:00,Fashion,1654.45
OD100635,2023-10-16 00:00:00,Electronics,6040.03
OD100636,2023-10-16 02:00:00,Fashion,437.62
OD100637,2023-10-17 01:00:00,Beauty,771.39
OD100638,2023-10-17 17:00:00,Electronics,180.68
OD100639,2023-10-18 06:00:00,Electronics,3949.88
OD100640,2023-10-18 22:00:00,Fashion,6412.9
OD100641,2023-10-19 02:00:00,Fashion,1913.89
OD100642,2023-10-19 03:00:00,Home & Kitchen,1044.53
OD100643,2023-10-19 17:00:00,Fashion,373.9
OD100644,2023-10-19 22:00:00,Electronics,825.15
OD100645,2023-10-20 13:00:00,Electronics,641.44
OD100646,2023-10-20 17:00:00,Fashion,3065.08
OD100647,2023-10-21 18:00:00,Home & Kitchen,1734.82
OD100648,2023-10-22 15:00:00,Fashion,381.09
OD100649,2023-10-23 16:00:00,Fashion,1896.2
OD100650,2023-10-23 19:00:00,Electronics,2262.69
OD100651,2023-10-24 10:00:00,Electronics,3402.13
OD100652,2023-10-25 07:00:00,Fashion,508.82
OD100653,2023-10-25 09:00:00,Electronics,445.91
OD100654,2023-10-25 19:00:00,Grocery,1498.95
OD100655,2023-10-27 09:00:00,Beauty,2926.22
OD100656,2023-10-28 14:00:00,Beauty,661.28
OD100657,2023-10-28 17:00:00,Home & Kitchen,1830.56
OD100658,2023-10-29 03:00:00,Electronics,1915.15
OD100659,2023-10-29 05:00:00,Electronics,2881.34
OD100660,2023-10-29 18:00:00,Fashion,3401.03
OD100661,2023-10-29 22:00:00,Grocery,2454.47
OD100662,2023-10-30 05:00:00,Beauty,760.69
OD100663,2023-10-30 14:00:00,Fashion,399.76
OD100664,2023-10-30 23:00:00,Electronics,2919.71
OD100665,2023-10-31 16:00:00,Fashion,529.78
OD100666,2023-11-01 15:00:00,Fashion,612.79
OD100667,2023-11-02 07:00:00,Fashion,676.54
OD100668,2023-11-02 13:00:00,Beauty,8700.39
OD100669,2023-11-03 00:00:00,Grocery,4185.0
OD100670,2023-11-03 14:00:00,Fashion,958.69
OD100671,2023-11-04 11:00:00,Fashion,3299.98
OD100672,2023-11-04 15:00:00,Grocery,5208.45
OD100673,2023-11-05 04:00:00,Electronics,2493.29
OD100674,2023-11-05 06:00:00,Fashion,194.67
OD100675,2023-11-05 09:00:00,Electronics,1459.02
OD100676,2023-11-06 01:00:00,Electronics,3028.31
OD100677,2023-11-06 02:00:00,Fashion,3392.32
OD100678,2023-11-06 09:00:00,Fashion,1184.18
OD100679,2023-11-06 21:00:00,Fashion,207.91
OD100680,2023-11-07 19:00:00,Grocery,2292.96
OD100681,2023-11-08 02:00:00,Fashion,7030.29
OD100682,2023-11-09 07:00:00,Home & Kitchen,343.32
OD100683,2023-11-09 14:00:00,Home & Kitchen,667.35
OD100684,2023-11-10 23:00:00,Grocery,1759.38
OD100685,2023-11-11 10:00:00,Home & Kitchen,1905.25
OD100686,2023-11-12 07:00:00,Fashion,1409.13
OD100687,2023-11-12 15:00:00,Grocery,355.63
OD100688,2023-11-12 22:00:00,Fashion,920.56
OD100689,2023-11-13 08:00:00,Grocery,2868.1
OD100690,2023-11-13 19:00:00,Fashion,2869.24
OD100691,2023-11-14 03:00:00,Electronics,1212.8
OD100692,2023-11-14 05:00:00,Home & Kitchen,913.22
OD100693,2023-11-14 16:00:00,Home & Kitchen,8535.03
OD100694,2023-11-14 21:00:00,Fashion,4956.01
OD100695,2023-11-15 00:00:00,Electronics,295.9
OD100696,2023-11-15 03:00:00,Grocery,175.88
OD100697,2023-11-15 04:00:00,Electronics,1769.94
OD100698,2023-11-15 19:00:00,Electronics,910.01
OD100699,2023-11-16 04:00:00,Beauty,1106.58
OD100700,2023-11-16 21:00:00,Home & Kitchen,738.84
OD100701,2023-11-17 09:00:00,Beauty,1960.67
OD100702,2023-11-17 19:00:00,Fashion,183.05
OD100703,2023-11-18 00:00:00,Fashion,3380.47
OD100704,2023-11-20 14:00:00,Fashion,3896.18
OD100705,2023-11-21 00:00:00,Grocery,1057.93
OD100706,2023-11-21 11:00:00,Fashion,4784.46
OD100707,2023-11-21 20:00:00,Beauty,1319.9
OD100708,2023-11-22 00:00:00,Electronics,6464.55
OD100709,2023-11-22 19:00:00,Fashion,436.0
OD100710,2023-11-23 04:00:00,Electronics,1167.51
OD100711,2023-11-23 07:00:00,Electronics,1544.2
OD100712,2023-11-23 15:00:00,Fashion,181.71
OD100713,2023-11-23 22:00:00,Fashion,934.11
OD100714,2023-11-24 03:00:00,Fashion,1636.23
OD100715,2023-11-24 05:00:00,Electronics,1890.71
OD100716,2023-11-24 06:00:00,Home & Kitchen,2673.29
OD100717,2023-11-24 08:00:00,Home & Kitchen,2210.86
OD100718,2023-11-24 13:00:00,Electronics,1041.02
OD100719,2023-11-24 19:00:00,Home & Kitchen,496.95
OD100720,2023-11-24 20:00:00,Fashion,1323.29
OD100721,2023-11-24 22:00:00,Home & Kitchen,1983.95
OD100722,2023-11-25 08:00:00,Beauty,519.21
OD100723,2023-11-26 08:00:00,Electronics,5001.4
OD100724,2023-11-26 09:00:00,Home & Kitchen,2636.91
OD100725,2023-11-26 12:00:00,Fashion,820.57
OD100726,2023-11-27 02:00:00,Fashion,743.5
OD100727,2023-11-27 20:00:00,Fashion,723.35
OD100728,2023-11-28 02:00:00,Electronics,311.84
OD100729,2023-11-28 16:00:00,Electronics,1722.91
OD100730,2023-11-29 08:00:00,Beauty,3691.65
OD100731,2023-11-29 12:00:00,Electronics,705.43
OD100732,2023-11-29 16:00:00,Fashion,1714.45
OD100733,2023-11-30 07:00:00,Fashion,315.36
OD100734,2023-11-30 13:00:00,Fashion,2873.97
OD100735,2023-11-30 17:00:00,Fashion,223.0
OD100736,2023-12-01 01:00:00,Beauty,2719.75
OD100737,2023-12-01 05:00:00,Fashion,987.77
OD100738,2023-12-01 07:00:00,Fashion,2449.0
OD100739,2023-12-01 15:00:00,Electronics,2324.64
OD100740,2023-12-01 21:00:00,Electronics,5708.34
OD100741,2023-12-02 10:00:00,Fashion,2065.63
OD100742,2023-12-03 04:00:00,Electronics,1769.83
OD100743,2023-12-03 16:00:00,Grocery,168.03
OD100744,2023-12-03 21:00:00,Fashion,1015.79
OD100745,2023-12-04 02:00:00,Home & Kitchen,5370.3
OD100746,2023-12-05 13:00:00,Home & Kitchen,2287.99
OD100747,2023-12-05 15:00:00,Grocery,353.71
OD100748,2023-12-05 20:00:00,Electronics,4556.89
OD100749,2023-12-06 05:00:00,Fashion,873.27
OD100750,2023-12-06 19:00:00,Beauty,1261.03
OD100751,2023-12-07 12:00:00,Electronics,839.8
OD100752,2023-12-07 18:00:00,Beauty,9540.81
OD100753,2023-12-09 03:00:00,Home & Kitchen,3946.57
OD100754,2023-12-10 09:00:00,Home & Kitchen,262.98
OD100755,2023-12-11 00:00:00,Home & Kitchen,1116.59
OD100756,2023-12-11 04:00:00,Electronics,248.18
OD100757,2023-12-11 11:00:00,Beauty,920.93
OD100758,2023-12-11 21:00:00,Electronics,1534.18
OD100759,2023-12-12 03:00:00,Fashion,4512.56
OD100760,2023-12-13 00:00:00,Beauty,4051.97
OD100761,2023-12-13 11:00:00,Home & Kitchen,4053.46
OD100762,2023-12-14 02:00:00,Fashion,1135.13
OD100763,2023-12-14 08:00:00,Fashion,231.95
OD100764,2023-12-14 12:00:00,Fashion,1331.64
OD100765,2023-12-14 13:00:00,Grocery,2296.83
OD100766,2023-12-15 14:00:00,Home & Kitchen,2885.41
OD100767,2023-12-15 23:00:00,Grocery,1063.09
OD100768,2023-12-16 12:00:00,Fashion,1132.73
OD100769,2023-12-16 15:00:00,Fashion,4363.6
OD100770,2023-12-17 07:00:00,Fashion,1058.85
OD100771,2023-12-17 23:00:00,Fashion,2596.17
OD100772,2023-12-18 03:00:00,Home & Kitchen,561.39
OD100773,2023-12-18 18:00:00,Home & Kitchen,2377.15
OD100774,2023-12-19 01:00:00,Electronics,7543.93
OD100775,2023-12-19 22:00:00,Fashion,6697.6
OD100776,2023-12-20 12:00:00,Electronics,628.31
OD100777,2023-12-20 19:00:00,Fashion,275.16
OD100778,2023-12-21 00:00:00,Beauty,440.14
OD100779,2023-12-21 19:00:00,Fashion,626.2
OD100780,2023-12-22 01:00:00,Home & Kitchen,1771.84
OD100781,2023-12-22 12:00:00,Home & Kitchen,444.04
OD100782,2023-12-22 13:00:00,Fashion,1459.96
OD100783,2023-12-22 22:00:00,Fashion,3807.66
OD100784,2023-12-23 09:00:00,Electronics,456.62
OD100785,2023-12-23 13:00:00,Beauty,516.4
OD100786,2023-12-24 02:00:00,Fashion,182.31
OD100787,2023-12-25 00:00:00,Home & Kitchen,3286.73
OD100788,2023-12-25 08:00:00,Fashion,671.12
OD100789,2023-12-25 18:00:00,Home & Kitchen,400.58
OD100790,2023-12-26 00:00:00,Fashion,3971.28
OD100791,2023-12-26 02:00:00,Fashion,1429.47
OD100792,2023-12-26 16:00:00,Fashion,1621.93
OD100793,2023-12-26 18:00:00,Fashion,179.49
OD100794,2023-12-26 20:00:00,Electronics,2436.4
OD100795,2023-12-26 22:00:00,Home & Kitchen,1416.99
OD100796,2023-12-28 09:00:00,Home & Kitchen,1187.97
OD100797,2023-12-29 02:00:00,Beauty,2675.69
OD100798,2023-12-29 08:00:00,Fashion,4545.52
OD100799,2023-12-29 21:00:00,Electronics,2147.75
