order_id,delivery_time_mins,food_temp_celsius,order_value_inr,packaging_rating,discount_percent,satisfaction
ORD_0001,35.6,71.1,1056,3.6,20,Satisfied
ORD_0002,62.7,42.3,1171,3.4,0,Dissatisfied
ORD_0003,52.4,38.2,1063,2.2,30,Dissatisfied
ORD_0004,46.1,53.0,226,4.8,20,Satisfied
ORD_0005,25.3,74.4,1046,4.2,20,Satisfied
ORD_0006,25.3,42.4,1002,1.9,40,Satisfied
ORD_0007,20.7,60.9,1115,4.8,10,Satisfied
ORD_0008,58.7,64.7,835,4.9,20,Satisfied
ORD_0009,46.3,42.2,448,5.0,20,Satisfied
ORD_0010,51.3,63.3,549,1.7,30,Dissatisfied
ORD_0011,19.0,47.8,815,4.1,20,Satisfied
ORD_0012,63.6,59.2,1309,3.4,30,Dissatisfied
ORD_0013,57.1,59.2,836,4.0,30,Satisfied
ORD_0014,28.0,55.0,299,4.9,0,Satisfied
ORD_0015,26.5,35.9,1010,3.9,0,Satisfied
ORD_0016,26.6,67.9,1261,4.4,20,Satisfied
ORD_0017,32.3,45.8,920,4.5,10,Satisfied
ORD_0018,42.7,40.0,296,4.4,10,Satisfied
ORD_0019,38.3,33.8,970,3.0,20,Satisfied
ORD_0020,31.7,57.4,1330,2.3,10,Satisfied
ORD_0021,46.8,61.1,1192,2.9,20,Satisfied
ORD_0022,24.6,32.7,1261,4.6,20,Satisfied
ORD_0023,31.7,54.0,813,2.0,20,Satisfied
ORD_0024,35.2,41.7,692,3.3,10,Dissatisfied
ORD_0025,39.4,59.7,981,2.3,20,Satisfied
ORD_0026,54.9,39.5,1299,3.5,0,Dissatisfied
ORD_0027,27.4,61.7,1321,4.5,20,Satisfied
ORD_0028,42.2,48.6,739,4.6,10,Satisfied
ORD_0029,45.8,72.3,667,2.3,40,Satisfied
ORD_0030,20.2,37.9,1440,4.7,20,Satisfied
ORD_0031,46.6,46.7,1076,3.6,50,Satisfied
ORD_0032,26.0,36.9,1475,2.7,20,Satisfied
ORD_0033,21.1,71.8,1392,4.0,10,Satisfied
ORD_0034,62.6,69.7,883,3.2,30,Satisfied
ORD_0035,63.4,43.1,760,2.8,10,Dissatisfied
ORD_0036,56.0,60.4,969,4.0,10,Satisfied
ORD_0037,32.3,67.1,1040,2.4,0,Satisfied
ORD_0038,22.6,55.9,426,2.7,20,Satisfied
ORD_0039,50.2,54.8,1279,3.0,20,Dissatisfied
ORD_0040,38.7,42.4,333,2.4,10,Dissatisfied
ORD_0041,23.7,36.0,1176,2.9,40,Satisfied
ORD_0042,41.3,70.6,1289,3.5,0,Satisfied
ORD_0043,19.6,70.7,876,4.1,10,Satisfied
ORD_0044,60.7,59.2,1488,4.2,10,Dissatisfied
ORD_0045,30.2,46.6,1423,4.4,0,Satisfied
ORD_0046,49.1,47.0,1272,4.1,20,Dissatisfied
ORD_0047,32.7,63.2,1250,3.9,20,Satisfied
ORD_0048,42.4,70.6,1188,2.3,20,Satisfied
ORD_0049,43.7,70.1,273,2.9,0,Satisfied
ORD_0050,26.7,65.5,1137,3.2,10,Satisfied
ORD_0051,63.6,59.6,1191,1.8,0,Dissatisfied
ORD_0052,54.4,35.6,632,3.3,40,Satisfied
ORD_0053,62.2,39.0,1407,3.0,0,Dissatisfied
ORD_0054,60.1,70.6,1091,4.3,20,Satisfied
ORD_0055,46.1,58.1,397,4.9,50,Satisfied
ORD_0056,61.3,32.4,653,3.4,20,Dissatisfied
ORD_0057,22.2,36.4,611,2.6,40,Satisfied
ORD_0058,27.2,60.5,520,1.7,10,Satisfied
ORD_0059,20.1,32.2,730,4.7,30,Satisfied
ORD_0060,33.3,38.9,1492,4.7,20,Satisfied
ORD_0061,36.3,55.6,1457,2.4,30,Satisfied
ORD_0062,30.8,61.8,536,3.9,0,Satisfied
ORD_0063,57.0,60.0,202,1.8,0,Dissatisfied
ORD_0064,34.8,41.6,701,2.1,0,Dissatisfied
ORD_0065,31.2,62.6,1303,2.3,20,Satisfied
ORD_0066,43.5,42.2,981,2.5,30,Dissatisfied
ORD_0067,24.6,46.0,1383,5.0,30,Satisfied
ORD_0068,55.7,64.1,1426,3.9,0,Satisfied
ORD_0069,21.5,59.9,941,2.8,40,Satisfied
ORD_0070,64.4,68.5,621,4.1,10,Satisfied
ORD_0071,54.3,60.3,948,4.7,10,Satisfied
ORD_0072,27.3,56.4,1195,4.9,0,Satisfied
ORD_0073,18.3,36.0,695,1.7,30,Satisfied
ORD_0074,56.3,47.8,1219,2.9,0,Dissatisfied
ORD_0075,51.2,43.4,971,1.9,20,Dissatisfied
ORD_0076,52.3,42.5,515,2.7,30,Dissatisfied
ORD_0077,54.2,73.8,437,2.1,0,Dissatisfied
ORD_0078,21.5,48.9,676,3.8,20,Satisfied
ORD_0079,34.8,70.4,1075,2.9,10,Satisfied
ORD_0080,23.4,59.1,339,2.3,10,Satisfied
ORD_0081,58.6,66.2,1031,2.4,20,Dissatisfied
ORD_0082,47.3,53.6,869,2.8,10,Dissatisfied
ORD_0083,33.6,56.8,559,2.4,20,Satisfied
ORD_0084,21.0,53.2,1136,3.1,20,Satisfied
ORD_0085,32.6,40.4,870,1.6,20,Dissatisfied
ORD_0086,33.3,63.1,1471,2.5,30,Satisfied
ORD_0087,52.3,44.1,1371,2.9,20,Dissatisfied
ORD_0088,48.0,33.0,1246,3.6,20,Dissatisfied
ORD_0089,59.7,59.8,464,2.4,20,Dissatisfied
ORD_0090,40.2,39.6,576,2.0,10,Dissatisfied
ORD_0091,23.6,72.4,191,1.8,10,Satisfied
ORD_0092,51.5,73.0,1456,4.8,40,Satisfied
ORD_0093,53.8,71.3,678,3.0,20,Satisfied
ORD_0094,44.4,47.9,933,3.5,10,Satisfied
ORD_0095,54.2,32.7,214,4.7,20,Dissatisfied
ORD_0096,41.2,71.9,906,1.8,10,Satisfied
ORD_0097,42.6,50.4,1028,4.6,40,Satisfied
ORD_0098,38.1,73.6,269,3.4,0,Satisfied
ORD_0099,19.2,73.4,955,2.1,10,Satisfied
ORD_0100,23.1,68.7,784,2.9,10,Satisfied
ORD_0101,19.5,44.7,1149,4.2,20,Satisfied
ORD_0102,47.9,48.6,1201,3.2,40,Dissatisfied
ORD_0103,32.8,68.6,597,4.9,0,Satisfied
ORD_0104,41.9,45.6,294,2.8,30,Satisfied
ORD_0105,60.7,39.3,796,4.1,0,Dissatisfied
ORD_0106,29.7,55.9,1399,2.9,30,Satisfied
ORD_0107,37.3,72.3,1005,4.4,0,Satisfied
ORD_0108,53.5,61.9,1278,3.5,0,Satisfied
ORD_0109,28.8,56.5,592,1.7,20,Satisfied
ORD_0110,21.6,36.2,908,1.6,50,Satisfied
ORD_0111,31.6,58.4,1480,2.0,40,Satisfied
ORD_0112,25.6,74.6,1200,1.5,20,Satisfied
ORD_0113,61.7,38.0,940,1.8,40,Dissatisfied
ORD_0114,56.0,54.3,855,3.9,0,Satisfied
ORD_0115,47.8,69.7,636,3.4,50,Satisfied
ORD_0116,59.0,63.9,1099,4.1,20,Satisfied
ORD_0117,55.8,62.0,371,4.7,30,Satisfied
ORD_0118,26.8,62.2,918,3.5,30,Satisfied
ORD_0119,60.0,47.5,1302,4.0,30,Dissatisfied
ORD_0120,43.3,44.6,1157,4.1,20,Satisfied
ORD_0121,55.9,66.8,1188,2.8,20,Satisfied
ORD_0122,60.1,66.8,275,2.3,30,Satisfied
ORD_0123,32.9,69.3,842,2.2,10,Satisfied
ORD_0124,23.2,71.3,1393,2.4,50,Satisfied
ORD_0125,28.7,54.0,216,2.5,30,Satisfied
ORD_0126,38.1,53.6,458,2.2,0,Satisfied
ORD_0127,56.4,66.3,396,4.6,30,Satisfied
ORD_0128,58.5,59.9,1046,4.1,20,Dissatisfied
ORD_0129,18.3,62.2,1052,1.7,30,Satisfied
ORD_0130,42.0,66.2,1476,2.4,30,Satisfied
ORD_0131,37.6,70.3,241,1.6,0,Satisfied
ORD_0132,28.4,46.5,775,3.2,20,Satisfied
ORD_0133,23.6,48.2,908,3.2,40,Satisfied
ORD_0134,33.9,36.0,576,4.4,10,Satisfied
ORD_0135,62.3,56.9,878,2.6,20,Dissatisfied
ORD_0136,33.2,33.5,1222,4.4,10,Satisfied
ORD_0137,42.4,52.0,356,4.9,20,Satisfied
ORD_0138,51.0,55.3,575,1.8,20,Dissatisfied
ORD_0139,35.1,44.3,624,4.3,20,Satisfied
ORD_0140,63.7,57.4,1436,3.6,10,Dissatisfied
ORD_0141,63.2,33.3,255,3.2,20,Dissatisfied
ORD_0142,29.8,33.6,444,3.0,0,Satisfied
ORD_0143,41.4,67.4,634,4.2,0,Satisfied
ORD_0144,32.1,47.5,897,3.7,0,Satisfied
ORD_0145,31.4,37.5,914,4.3,0,Satisfied
ORD_0146,19.7,54.5,1030,4.7,20,Satisfied
ORD_0147,46.6,65.1,323,3.7,20,Satisfied
ORD_0148,41.6,41.3,1064,4.9,30,Satisfied
ORD_0149,20.4,58.8,1272,3.6,0,Satisfied
ORD_0150,31.1,35.7,1302,3.7,40,Satisfied
