player_name,matches,runs,wickets,strike_rate,average,economy_rate
Virat Kohli,1.7890265163546948,2.1449167612978974,-0.5687320707780725,0.09493997041898476,0.5757353343746717,-0.6500643462883056
Rohit Sharma,1.887595470423824,1.5241778656569636,-0.3847305184675197,0.10900515122179699,0.014395646825848752,-0.6500643462883056
MS Dhoni,2.002592583504475,1.0486968978218838,-0.6356417261637282,0.2675314598534963,0.7839742507234284,-0.6500643462883056
Jasprit Bumrah,-0.1330680879933243,-1.4327508169791614,1.7898332815662872,-2.3729132112744953,-1.1562692176912934,1.31870195961342
KL Rahul,-0.31377783712006113,0.8481504853840436,-0.6021868984709003,0.2520011560503908,1.319057727080452,-0.6500643462883056
Hardik Pandya,-0.1823525650278889,-0.32748374692700455,0.3680031046211058,0.773877968754747,-0.23005873323573542,1.5930148266185948
Ravindra Jadeja,1.3454662230436136,-0.15257108645490333,1.6727413846413899,0.024907091004980335,-0.43195994343474764,1.5158643327733894
Suryakumar Yadav,-0.5437720632813626,-0.17669697065795176,-0.6356417261637282,1.3218339708643176,0.3828879901038662,-0.6500643462883056
Rishabh Pant,-0.31377783712006113,0.14498148538269415,-0.6356417261637282,0.649928562929962,0.3593479386905286,-0.6500643462883056
Shubman Gill,-0.9216197205463579,-0.47626003284580326,-0.5854594846244865,0.4829045408965628,0.4987774739849136,-0.6500643462883056
Faf du Plessis,-0.46163126822375494,0.20479357330275175,-0.6189143123173143,0.12600057802519582,0.314983995642315,-0.6500643462883056
David Warner,0.7869088166518815,1.5442827691595038,-0.6021868984709003,0.3835692014766998,0.9632407961019239,-0.6500643462883056
Jos Buttler,-0.7573381304311425,-0.08270654678357553,-0.6356417261637282,0.6921241053383995,0.7151648696690568,-0.6500643462883056
Rashid Khan,-0.21520888305093197,-1.2643722501453858,1.4385575907915953,-0.1898799408379691,-1.480397617921098,1.2215494858824205
Yuzvendra Chahal,0.04764166113341253,-1.4076196876009859,2.492384663115671,-1.7977059213594748,-2.1177897792668583,1.553010866847007
Mohammed Siraj,-1.0859013106615731,-1.462908172232972,0.669096553856556,-2.479867190295882,-2.316069443094588,1.8987593763014463
Shreyas Iyer,-0.44520310921223344,0.0660697391352232,-0.6356417261637282,-0.00879073800175774,0.18460832627613694,-0.6500643462883056
Sanju Samson,0.031213502121891005,0.2666161515730634,-0.6356417261637282,0.2766152224553128,-0.14766855328905332,-0.6500643462883056
Ruturaj Gaikwad,-1.1516139467076594,-0.3370335760907112,-0.6189143123173143,0.4697184338939264,0.9695785022516688,-0.6500643462883056
Yashasvi Jaiswal,-1.3651800138574393,-0.6722828419955719,-0.6356417261637282,0.9241995885848057,0.7984604362085597,-0.6500643462883056
