player_id,runs_scored,strike_rate,wickets_taken,boundary_percent,performance_tier
IPL_001,643,167.0,5,66.0,Average_Player
IPL_002,457,165.4,12,67.8,Average_Player
IPL_003,695,146.1,18,45.7,Impact_Player
IPL_004,719,165.8,12,63.1,Impact_Player
IPL_005,195,127.8,17,72.8,Average_Player
IPL_006,513,166.1,15,40.4,Impact_Player
IPL_007,672,155.0,21,70.4,Impact_Player
IPL_008,695,173.6,3,76.2,Average_Player
IPL_009,436,118.0,23,44.0,Impact_Player
IPL_010,230,176.7,9,57.0,Average_Player
IPL_011,125,168.4,3,56.6,Average_Player
IPL_012,597,169.1,8,63.6,Impact_Player
IPL_013,160,152.2,22,54.0,Average_Player
IPL_014,169,192.9,24,55.0,Impact_Player
IPL_015,743,127.3,7,51.7,Impact_Player
IPL_016,626,135.4,22,62.5,Impact_Player
IPL_017,256,129.4,21,47.0,Average_Player
IPL_018,491,114.1,17,76.8,Impact_Player
IPL_019,179,186.8,21,73.4,Average_Player
IPL_020,538,116.8,23,44.5,Impact_Player
IPL_021,676,161.6,4,66.2,Average_Player
IPL_022,369,163.6,17,74.4,Average_Player
IPL_023,395,142.1,18,63.0,Average_Player
IPL_024,196,111.1,19,58.7,Average_Player
IPL_025,739,181.6,18,70.1,Impact_Player
IPL_026,463,142.7,7,46.7,Average_Player
IPL_027,225,156.9,3,53.0,Average_Player
IPL_028,623,170.4,2,49.7,Average_Player
IPL_029,577,167.4,12,48.8,Impact_Player
IPL_030,359,169.0,25,68.9,Impact_Player
IPL_031,384,139.1,23,75.9,Impact_Player
IPL_032,694,145.1,20,58.2,Impact_Player
IPL_033,219,130.4,5,41.2,Average_Player
IPL_034,404,192.4,21,62.5,Impact_Player
IPL_035,639,134.5,9,52.8,Impact_Player
IPL_036,556,122.5,2,59.2,Average_Player
IPL_037,560,121.0,22,40.9,Impact_Player
IPL_038,735,190.2,5,51.8,Impact_Player
IPL_039,414,139.9,21,72.6,Impact_Player
IPL_040,449,172.4,24,55.4,Impact_Player
IPL_041,556,187.7,25,61.9,Impact_Player
IPL_042,522,169.6,14,66.3,Average_Player
IPL_043,623,143.0,10,72.8,Impact_Player
IPL_044,447,190.1,11,71.7,Average_Player
IPL_045,735,172.6,1,69.2,Average_Player
IPL_046,420,130.3,9,50.9,Average_Player
IPL_047,632,180.0,11,51.6,Impact_Player
IPL_048,748,174.7,20,71.4,Impact_Player
IPL_049,482,143.6,18,61.7,Impact_Player
IPL_050,260,127.0,3,49.4,Average_Player
IPL_051,393,170.6,14,40.5,Average_Player
IPL_052,323,181.9,15,52.6,Average_Player
IPL_053,583,141.3,16,54.9,Impact_Player
IPL_054,395,147.1,17,70.4,Impact_Player
IPL_055,618,140.3,7,74.0,Impact_Player
IPL_056,539,130.4,25,68.7,Impact_Player
IPL_057,662,165.5,14,65.4,Impact_Player
IPL_058,130,143.2,6,71.4,Average_Player
IPL_059,619,165.9,25,42.4,Impact_Player
IPL_060,735,140.8,21,69.7,Impact_Player
IPL_061,396,140.3,6,42.6,Average_Player
IPL_062,498,126.6,22,45.0,Impact_Player
IPL_063,619,193.9,15,67.6,Impact_Player
IPL_064,167,112.0,15,49.5,Average_Player
IPL_065,334,156.6,6,60.8,Average_Player
IPL_066,257,157.7,11,40.5,Average_Player
IPL_067,506,116.4,1,42.7,Average_Player
IPL_068,522,185.8,21,45.2,Impact_Player
IPL_069,690,119.4,12,53.0,Impact_Player
IPL_070,359,163.2,2,61.9,Average_Player
IPL_071,212,118.6,7,47.9,Average_Player
IPL_072,627,170.4,0,75.1,Average_Player
IPL_073,514,184.9,23,49.8,Impact_Player
IPL_074,745,169.1,14,66.4,Impact_Player
IPL_075,598,132.6,16,68.9,Impact_Player
IPL_076,539,187.3,21,77.9,Impact_Player
IPL_077,660,159.3,14,69.9,Impact_Player
IPL_078,123,140.6,16,53.8,Average_Player
IPL_079,460,182.5,20,52.7,Impact_Player
IPL_080,423,130.9,1,68.2,Average_Player
IPL_081,646,176.3,6,52.2,Impact_Player
IPL_082,370,113.9,25,54.4,Impact_Player
IPL_083,625,185.2,13,66.3,Impact_Player
IPL_084,317,133.5,0,55.1,Average_Player
IPL_085,382,159.4,0,44.5,Average_Player
IPL_086,223,187.4,9,61.7,Average_Player
IPL_087,349,194.4,10,46.9,Average_Player
IPL_088,486,115.3,15,57.8,Average_Player
IPL_089,191,188.9,23,75.6,Impact_Player
IPL_090,477,154.0,22,56.9,Impact_Player
