brand,ram_gb,storage_gb,total_storage_gb,camera_mp,battery_mah,screen_size_inch,price_inr
Xiaomi,16,256,263,50,5863,5.9,50000
Vivo,6,32,30,12,5255,6.2,25000
Samsung,8,512,514,108,4154,6.0,48500
OnePlus,16,512,513,12,3403,6.1,55000
Xiaomi,4,64,60,16,5199,6.7,24000
Samsung,8,512,507,50,5101,6.8,45500
Oppo,8,64,70,50,6191,5.6,27500
Xiaomi,16,32,37,108,4696,5.8,45000
Realme,3,256,254,200,3627,6.4,29000
Oppo,4,256,258,16,3586,6.0,23500
Motorola,16,256,262,48,4648,5.9,46500
Xiaomi,4,512,508,12,4443,5.9,34500
OnePlus,4,32,29,64,4445,6.0,24500
Apple,8,512,518,12,3103,6.7,40000
Oppo,6,512,507,12,3253,5.7,36500
Motorola,4,32,27,48,6298,6.5,23000
Vivo,12,32,39,12,6183,6.3,36000
Vivo,8,32,29,16,5557,5.9,32500
OnePlus,3,32,37,16,4496,6.1,22500
Xiaomi,6,256,255,50,3098,5.9,33000
Samsung,12,128,134,108,5200,6.4,45000
Xiaomi,12,128,125,200,4884,5.6,47500
OnePlus,3,32,27,64,5961,5.5,21000
Vivo,6,128,123,12,4919,6.4,28500
Xiaomi,8,128,130,12,3877,5.8,29000
Vivo,2,32,36,48,3337,5.6,13000
Oppo,6,128,133,108,5869,6.1,32500
Motorola,3,512,518,16,6234,5.6,27000
Samsung,12,64,71,64,3956,6.7,36000
Oppo,8,64,71,50,4704,5.5,28500
Vivo,6,32,38,16,3160,6.3,23000
Vivo,2,256,265,108,4603,6.1,28000
Apple,2,32,40,200,5848,6.4,30000
Apple,4,256,252,50,3397,6.0,31000
Oppo,4,64,71,200,4300,5.7,27500
Realme,16,32,29,48,3815,6.9,41500
Oppo,3,512,508,48,4527,6.7,30500
Apple,6,128,125,12,4919,6.7,29000
Vivo,6,256,257,200,4415,5.9,37000
OnePlus,16,128,123,108,4158,5.6,46500
Oppo,12,128,132,64,4218,5.9,37500
Vivo,12,32,34,50,3400,6.3,34500
OnePlus,16,128,135,16,3639,6.0,45000
OnePlus,12,512,516,108,6104,6.7,55000
Apple,4,128,132,108,5735,5.9,25500
Oppo,6,32,36,48,3459,6.9,20500
Xiaomi,16,512,520,200,3954,6.1,61000
Samsung,6,64,60,12,3469,6.7,26500
Apple,2,128,125,12,6446,5.8,24500
Apple,4,32,35,50,4045,6.1,24000
Xiaomi,8,64,65,48,5797,6.5,35500
Samsung,4,64,62,108,4693,5.7,28500
Vivo,16,256,260,64,5085,5.7,49500
Realme,8,512,511,48,5277,6.9,38500
Oppo,2,128,124,50,6436,6.5,19000
Realme,16,32,39,50,3562,5.6,42000
Vivo,3,256,261,48,5485,6.1,29000
Motorola,6,512,519,50,4799,6.1,38500
Apple,2,256,258,48,6354,6.5,27000
Samsung,6,512,510,16,5074,5.9,39000
Apple,12,512,515,48,3225,5.8,48500
OnePlus,3,128,127,200,6348,5.6,36500
Apple,3,512,519,48,3797,6.1,33500
Apple,2,256,259,50,5331,6.5,30500
Vivo,3,512,510,200,5926,5.6,40000
Vivo,8,128,132,50,3959,6.8,33000
Vivo,3,128,127,12,4504,6.1,22500
Realme,6,256,259,12,3452,5.8,27000
OnePlus,6,64,66,200,6067,5.6,33500
Motorola,16,64,61,16,3815,5.8,38500
Motorola,6,512,507,12,3658,6.8,35500
Vivo,16,32,29,48,3546,6.4,43500
Samsung,6,512,510,50,4215,6.2,39000
Realme,8,256,252,12,6120,6.4,34000
Xiaomi,16,256,251,12,3016,6.1,42500
Samsung,4,256,257,16,6243,6.5,34500
Oppo,12,256,258,200,4243,5.6,47000
Oppo,2,256,257,200,5205,6.3,29000
Samsung,6,128,136,108,5524,5.7,35000
Vivo,3,64,63,16,4069,5.7,14000
Xiaomi,6,256,262,48,6444,6.0,33500
Xiaomi,3,32,27,200,5565,5.6,30500
Realme,12,32,33,50,5146,5.6,38000
Xiaomi,12,32,39,16,4768,5.9,36500
Oppo,12,32,33,12,4060,6.9,32500
OnePlus,3,128,131,50,5327,5.7,26500
Vivo,6,32,29,50,6420,5.5,27000
Xiaomi,12,256,259,12,5544,6.6,39500
Realme,8,512,520,16,3301,6.6,37000
Oppo,16,32,27,12,3180,6.0,39000
OnePlus,3,128,123,108,3606,6.2,27000
Apple,3,128,136,50,6170,6.4,24500
Apple,6,32,30,64,3699,5.6,26500
OnePlus,3,512,515,64,3992,6.8,33500
Oppo,3,32,32,48,4139,6.7,15500
Realme,12,128,135,200,3190,5.9,42500
OnePlus,6,64,69,12,5300,5.5,28500
Vivo,12,256,253,12,3980,6.8,39000
Vivo,16,128,123,48,5975,6.2,52000
Apple,16,32,30,48,5006,6.3,45500
