brand,ram_gb,storage_gb,camera_mp,front_camera_mp,battery_mah,screen_size_inch,refresh_rate_hz,price_inr
Motorola,12,128,16,9,5584,6.4,90,38500
Vivo,6,256,12,7,3522,6.6,144,34000
Vivo,8,512,48,18,4841,6.3,120,45000
Realme,16,256,12,5,5926,6.3,120,55000
Nothing,4,64,108,38,5936,6.3,120,30000
Samsung,4,256,16,5,5232,6.5,60,30000
iQOO,4,256,16,6,5431,6.3,120,35000
Motorola,12,256,16,5,4831,6.7,60,39000
Realme,8,512,16,12,3688,6.0,120,39000
Xiaomi,4,512,48,19,5014,6.5,144,39500
Samsung,12,64,200,50,3986,6.1,144,55000
Oppo,3,128,108,29,4351,6.3,144,30000
Vivo,8,128,16,5,5489,6.1,144,43500
Oppo,8,256,48,15,5173,6.0,60,36500
Vivo,8,64,48,13,3689,6.7,60,28000
Realme,6,128,50,10,5092,6.5,144,34500
Motorola,3,512,16,5,5126,6.5,90,33000
Xiaomi,16,64,16,10,5730,6.1,60,49000
Apple,12,128,48,9,5333,6.2,144,59000
Apple,3,128,12,5,4334,6.2,90,27500
iQOO,6,256,16,6,3988,6.5,60,26500
Oppo,16,64,200,50,5211,6.3,60,53000
Vivo,12,64,12,6,5105,6.6,90,41500
Realme,6,64,16,6,5210,6.5,60,24500
Nothing,6,256,200,50,3850,6.6,120,43000
Apple,3,128,16,6,5787,6.1,120,34000
Nothing,8,64,12,5,5072,6.3,60,38500
Apple,3,128,64,20,5943,6.4,60,32000
Oppo,8,256,200,50,3681,6.2,90,38000
Xiaomi,4,512,108,32,5571,6.4,60,34000
Vivo,4,128,48,11,3522,6.4,60,20000
Xiaomi,16,512,16,6,4509,6.6,90,60000
iQOO,16,256,12,5,3790,6.8,120,51500
Samsung,3,512,48,17,5896,6.0,60,34000
Nothing,12,64,108,35,3786,6.7,120,46500
iQOO,6,64,16,5,4364,6.5,144,30500
Realme,8,256,50,16,5026,6.4,60,32500
Xiaomi,16,256,108,34,3547,6.6,60,53000
OnePlus,8,256,108,30,4329,6.8,144,45000
Vivo,6,256,64,19,4258,6.1,120,34000
Vivo,8,64,108,31,5485,6.1,90,36500
Realme,6,256,200,50,5655,6.2,144,40000
Oppo,6,128,50,14,5483,6.3,60,24000
Realme,4,512,50,15,4629,6.2,144,37500
Apple,12,64,200,50,3787,6.8,144,63500
OnePlus,6,64,64,17,5442,6.5,60,29500
iQOO,12,64,16,5,4482,6.2,60,32000
Vivo,4,128,64,15,5864,6.6,90,31000
Xiaomi,12,256,200,50,5062,6.2,144,54000
iQOO,4,256,108,35,4855,6.5,90,31500
Nothing,12,512,48,12,4155,6.5,144,56500
OnePlus,4,512,108,32,4603,6.1,120,35000
Samsung,3,256,48,16,5398,6.6,144,35500
Nothing,4,512,108,34,3756,6.3,120,40000
Motorola,3,512,64,23,5349,6.8,60,28500
Motorola,3,256,48,15,4057,6.6,120,24500
Realme,6,256,108,33,5418,6.2,144,40500
Xiaomi,3,256,12,5,3944,6.3,60,23000
Vivo,4,128,48,19,4385,6.2,90,24500
OnePlus,16,64,108,32,5057,6.4,120,57000
Oppo,6,128,48,17,5615,6.6,120,33000
Motorola,8,512,48,12,5218,6.4,60,38500
Oppo,3,128,12,5,4889,6.2,90,22000
OnePlus,6,512,64,19,3749,6.7,144,43000
OnePlus,12,64,16,5,4462,6.6,90,43500
Motorola,6,128,200,50,5585,6.2,90,35000
Realme,8,64,64,19,3541,6.2,60,27000
Nothing,4,256,64,21,5171,6.7,120,31500
Apple,3,128,48,13,5082,6.5,90,36500
Apple,8,64,12,6,3763,6.6,120,42500
OnePlus,6,128,50,12,5216,6.7,90,36000
Oppo,6,64,108,32,5066,6.3,120,36000
Realme,12,128,108,32,3665,6.5,120,45500
iQOO,3,512,50,11,5640,6.4,60,31000
Vivo,3,256,50,13,5362,6.0,60,23000
Nothing,4,512,16,6,3802,6.7,90,34000
Samsung,12,128,108,35,3984,6.2,144,53500
OnePlus,6,512,200,50,5715,6.1,90,46500
Oppo,4,512,200,50,3608,6.8,144,40500
Oppo,6,256,108,34,4838,6.3,144,36500
Xiaomi,8,256,64,18,4385,6.5,144,40500
Vivo,8,512,48,15,5662,6.7,60,38000
Vivo,8,512,50,16,4247,6.7,60,43000
Motorola,16,256,16,5,3629,6.8,120,52000
Oppo,6,64,12,5,3657,6.4,60,25000
Oppo,4,128,108,34,4520,6.2,120,33500
Oppo,6,512,48,15,4194,6.2,144,41000
Nothing,6,64,16,5,3797,6.8,144,31000
Vivo,4,64,16,5,4716,6.1,90,25500
OnePlus,4,64,50,10,3957,6.6,90,31000
Samsung,4,64,108,31,5020,6.2,90,31000
iQOO,8,64,108,34,4145,6.6,90,35500
Motorola,4,512,200,50,4996,6.8,120,40500
Vivo,3,128,48,16,5328,6.5,120,30500
Motorola,6,128,200,50,4382,6.4,90,35000
Motorola,3,64,50,14,4363,6.8,60,20500
Vivo,6,64,64,19,5672,6.6,60,29000
Samsung,6,64,48,17,4209,6.6,144,36000
iQOO,12,512,108,34,5481,6.5,90,53000
Apple,3,512,48,16,4982,6.3,144,44000
Xiaomi,4,64,16,6,5422,6.3,90,24500
Xiaomi,4,256,12,5,4508,6.7,60,22000
Motorola,6,512,50,10,4387,6.3,144,41000
Vivo,12,256,108,26,5623,6.5,144,54500
iQOO,8,128,64,22,5001,6.0,120,39500
Nothing,4,128,108,29,3963,6.1,144,38000
Vivo,8,128,108,34,4997,6.1,90,40500
OnePlus,3,512,200,50,4417,6.3,60,41000
Apple,4,64,50,14,4733,6.3,60,32500
OnePlus,6,64,48,14,3854,6.3,144,36000
Samsung,8,128,48,13,5135,6.6,90,36500
OnePlus,3,128,108,32,5702,6.5,90,29500
iQOO,8,128,16,5,3607,6.5,90,29000
Motorola,4,512,16,7,3742,6.2,60,27000
Vivo,3,512,64,15,5394,6.6,90,32500
Samsung,8,128,64,15,4627,6.2,144,39000
Motorola,16,128,108,32,4402,6.6,120,58000
Apple,6,128,12,6,5686,6.7,60,35500
OnePlus,16,128,200,50,3607,6.3,90,56500
iQOO,16,128,64,15,5891,6.2,90,48500
