track_name,tempo,danceability,genre
Pop_Track_1,126.5,0.839,Pop
Pop_Track_2,120.8,0.794,Pop
Pop_Track_3,127.8,0.771,Pop
Pop_Track_4,135.7,0.756,Pop
Pop_Track_5,119.9,0.662,Pop
Pop_Track_6,119.9,0.722,Pop
Pop_Track_7,136.2,0.743,Pop
Pop_Track_8,128.9,0.865,Pop
Pop_Track_9,117.8,0.807,Pop
Pop_Track_10,126.9,0.639,Pop
Pop_Track_11,117.8,0.806,Pop
Pop_Track_12,117.8,0.749,Pop
Pop_Track_13,124.2,0.726,Pop
Pop_Track_14,104.8,0.829,Pop
Pop_Track_15,106.5,0.862,Pop
Pop_Track_16,116.9,0.855,Pop
Pop_Track_17,112.9,0.713,Pop
Pop_Track_18,124.8,0.755,Pop
Pop_Track_19,113.8,0.807,Pop
Pop_Track_20,109.3,0.858,Pop
Pop_Track_21,135.2,0.742,Pop
Pop_Track_22,120.0,0.765,Pop
Pop_Track_23,122.6,0.691,Pop
Pop_Track_24,109.2,0.684,Pop
Pop_Track_25,117.1,0.845,Pop
Pop_Track_26,123.0,0.888,Pop
Pop_Track_27,111.6,0.774,Pop
Pop_Track_28,125.4,0.86,Pop
Pop_Track_29,116.6,0.809,Pop
Pop_Track_30,119.4,0.728,Pop
Pop_Track_31,116.6,0.809,Pop
Pop_Track_32,138.7,0.903,Pop
Pop_Track_33,121.9,0.777,Pop
Pop_Track_34,112.5,0.905,Pop
Pop_Track_35,129.4,0.57,Pop
Pop_Track_36,111.0,0.846,Pop
Pop_Track_37,123.9,0.787,Pop
Pop_Track_38,104.4,0.756,Pop
Pop_Track_39,110.0,0.787,Pop
Pop_Track_40,123.8,0.621,Pop
Class_Track_1,79.4,0.391,Classical
Class_Track_2,86.3,0.238,Classical
Class_Track_3,99.7,0.446,Classical
Class_Track_4,75.8,0.194,Classical
Class_Track_5,72.3,0.373,Classical
Class_Track_6,76.0,0.517,Classical
Class_Track_7,93.0,0.231,Classical
Class_Track_8,85.9,0.269,Classical
Class_Track_9,75.6,0.329,Classical
Class_Track_10,88.2,0.275,Classical
Class_Track_11,83.2,0.18,Classical
Class_Track_12,93.6,0.326,Classical
Class_Track_13,73.6,0.224,Classical
Class_Track_14,78.1,0.363,Classical
Class_Track_15,77.3,0.237,Classical
Class_Track_16,64.4,0.459,Classical
Class_Track_17,85.6,0.25,Classical
Class_Track_18,85.1,0.291,Classical
Class_Track_19,82.1,0.393,Classical
Class_Track_20,79.2,0.209,Classical
Class_Track_21,65.0,0.34,Classical
Class_Track_22,77.0,0.438,Classical
Class_Track_23,77.9,0.175,Classical
Class_Track_24,72.4,0.337,Classical
Class_Track_25,80.1,0.343,Classical
Class_Track_26,86.8,0.39,Classical
Class_Track_27,104.6,0.209,Classical
Class_Track_28,84.1,0.201,Classical
Class_Track_29,85.1,0.367,Classical
Class_Track_30,81.1,0.347,Classical
Class_Track_31,59.0,0.343,Classical
Class_Track_32,81.7,0.351,Classical
Class_Track_33,82.7,0.259,Classical
Class_Track_34,111.6,0.341,Classical
Class_Track_35,79.7,0.346,Classical
Class_Track_36,85.6,0.256,Classical
Class_Track_37,81.6,0.488,Classical
Class_Track_38,68.0,0.363,Classical
Class_Track_39,95.7,0.213,Classical
Class_Track_40,91.0,0.379,Classical
