review_length,word_count,helpful_votes,verified_purchase,sentiment_polarity,is_positive
139.9,26.8,1,1,0.399,1
114.5,17.7,5,1,-0.507,0
145.9,30.6,5,0,0.807,1
180.9,37.1,5,1,-0.791,0
110.6,15.5,3,1,0.965,1
110.6,21.3,3,0,0.72,1
183.2,30.5,0,1,0.376,0
150.7,27.0,4,1,0.877,1
101.2,16.8,4,1,0.445,1
141.7,29.7,5,1,-0.619,0
101.5,19.9,3,1,-0.116,1
101.4,15.6,1,0,-0.857,1
129.7,27.6,3,1,-0.221,0
43.5,4.1,1,1,0.483,1
51.0,10.8,2,0,-0.227,0
97.5,16.3,5,1,-0.339,0
79.5,14.2,6,1,0.191,1
132.6,27.0,3,1,0.744,0
83.7,17.7,3,1,-0.905,0
63.5,16.2,6,1,-0.229,0
178.6,34.1,5,1,-0.684,0
111.0,22.3,2,1,0.391,1
122.7,22.3,5,1,-0.789,0
63.0,12.7,2,1,0.33,1
98.2,20.2,3,1,-0.428,0
124.4,23.6,5,1,-0.602,0
74.0,8.8,4,1,0.873,1
135.0,27.0,7,1,-0.963,0
96.0,19.6,3,0,-0.124,0
108.3,18.8,6,1,-0.957,0
95.9,14.6,4,1,-0.033,0
194.1,41.8,2,1,0.002,1
119.5,24.4,0,1,-0.357,0
77.7,14.3,4,1,-0.736,0
152.9,26.0,3,1,-0.247,1
71.2,11.2,4,0,0.345,0
128.4,28.6,2,1,0.565,1
41.6,8.4,2,1,0.062,0
66.9,11.2,3,1,0.18,0
127.9,26.1,2,1,-0.599,1
149.5,26.3,2,1,-0.425,0
126.9,28.9,6,1,-0.676,0
115.4,26.2,3,0,-0.501,0
108.0,19.4,5,1,-0.55,0
60.9,9.8,2,1,0.039,1
91.2,9.7,2,1,0.125,1
101.6,15.1,2,1,0.89,1
162.3,27.2,5,1,-0.609,1
133.7,26.1,3,1,0.283,0
49.5,8.5,2,1,0.635,1
133.0,21.5,4,1,0.12,0
104.6,19.3,7,1,-0.49,0
92.9,19.4,2,1,-0.475,1
144.5,29.4,6,0,-0.921,0
161.2,25.3,3,1,-0.389,1
157.3,29.9,1,1,0.489,0
86.4,12.5,2,0,-0.905,1
107.6,23.4,1,1,-0.561,0
133.3,28.0,4,1,0.412,1
159.0,27.9,3,1,0.565,1
100.8,17.1,3,0,-0.089,1
112.6,20.3,0,1,0.396,1
75.7,7.8,2,1,-0.224,0
72.2,14.9,4,1,-0.68,0
152.5,28.5,4,1,-0.204,0
174.2,36.4,9,1,0.16,1
117.1,19.2,3,1,0.896,1
160.1,28.9,4,1,-0.862,0
134.5,21.3,1,1,0.015,1
94.2,15.1,7,1,-0.342,0
134.5,22.3,6,1,0.017,1
181.5,37.9,3,0,-0.952,0
118.6,20.7,1,1,-0.374,0
182.6,35.5,6,1,0.64,1
15.2,3.0,6,1,0.108,1
152.9,25.6,3,1,-0.099,0
123.5,23.2,3,0,-0.429,1
108.0,22.6,4,0,-0.404,0
123.7,20.2,4,0,-0.234,0
40.5,10.2,0,1,0.671,1
111.2,18.8,1,1,0.934,1
134.3,24.4,4,1,-0.123,1
179.1,36.0,4,1,-0.213,0
99.3,17.1,5,1,0.693,1
87.7,17.0,1,0,-0.146,0
99.9,18.3,3,1,0.104,1
156.6,30.5,3,1,-0.538,1
133.2,18.5,6,1,0.487,1
98.8,13.5,3,0,0.064,1
140.5,28.9,6,1,0.618,1
123.9,26.9,2,1,0.561,1
158.7,27.8,6,0,-0.57,0
91.9,16.9,3,1,0.431,1
106.9,21.4,4,1,0.6,1
104.3,22.1,2,1,-0.308,0
61.5,5.7,0,1,-0.655,0
131.8,22.7,5,0,-0.995,0
130.4,24.1,5,1,-0.098,1
120.2,25.2,2,1,-0.295,0
110.6,28.8,5,1,0.11,1
63.4,11.5,5,1,-0.624,1
103.2,15.6,1,1,0.719,1
106.3,21.6,3,1,-0.484,1
87.9,20.9,4,1,-0.547,0
113.5,22.2,1,1,-0.039,0
136.2,23.5,2,1,-0.002,1
195.4,40.5,4,1,-0.57,1
127.0,26.4,4,1,-0.456,0
130.3,22.0,4,1,-0.661,0
117.0,23.6,5,0,0.437,1
43.2,11.3,2,1,0.54,1
118.9,26.4,3,1,-0.075,0
122.4,23.3,4,1,0.428,1
218.5,41.0,3,1,0.472,1
112.3,25.3,5,1,-0.723,0
132.1,21.8,3,1,0.932,1
118.6,24.1,3,0,0.642,0
73.3,10.0,3,1,-0.591,0
165.7,35.1,3,1,-0.628,0
150.1,28.1,7,1,-0.749,0
151.6,33.0,2,1,-0.723,0
83.6,17.6,2,0,0.496,1
176.1,30.2,6,1,-0.061,1
63.9,16.6,5,1,0.566,1
143.5,32.2,5,1,0.493,1
207.6,42.6,4,1,0.209,1
80.4,13.2,3,1,0.373,0
97.3,17.8,3,1,-0.963,0
124.0,24.3,8,1,-0.376,1
99.9,17.1,3,0,0.276,1
58.0,16.2,4,1,-0.981,0
122.7,24.0,6,1,-0.934,0
77.5,6.8,5,1,0.704,1
138.9,27.7,4,1,0.368,1
83.2,15.0,2,1,-0.469,0
182.0,34.8,6,1,0.376,1
88.7,15.9,4,1,0.585,1
107.1,23.0,2,1,-0.386,0
152.5,32.7,4,0,-0.928,0
70.8,14.5,3,1,0.866,0
129.1,23.8,1,1,-0.31,1
172.3,33.0,9,1,-0.787,0
55.7,10.8,2,1,-0.016,1
127.4,22.1,4,1,0.537,1
130.4,26.8,1,0,-0.557,0
151.3,30.5,7,1,-0.461,0
70.5,18.2,0,0,-0.515,0
67.2,16.7,6,1,0.983,1
140.9,25.0,3,1,-0.605,0
131.9,27.8,0,1,0.151,0
130.0,22.2,3,1,0.851,1
133.9,27.8,2,1,-0.706,0
92.8,16.3,6,0,0.942,1
129.3,21.8,2,0,0.895,1
131.7,26.2,4,0,0.769,0
91.4,9.6,3,1,-0.571,1
194.6,32.2,7,1,0.268,1
139.0,26.2,7,1,0.522,1
72.3,14.2,3,1,0.972,1
146.3,27.0,6,1,-0.639,1
81.0,10.8,2,1,0.532,1
151.5,26.7,2,1,-0.322,0
166.3,33.2,3,1,-0.649,0
87.2,18.5,3,1,-0.157,0
158.5,30.4,2,1,0.588,1
136.5,29.7,0,1,-0.07,1
152.9,30.6,1,1,0.075,0
195.9,35.4,2,1,0.99,1
110.2,20.3,5,1,-0.202,1
89.9,13.1,2,1,0.231,1
84.4,15.9,5,1,-0.27,0
87.4,20.1,3,1,-0.214,0
116.9,24.5,7,1,0.391,0
133.6,29.9,2,1,0.876,1
131.1,24.3,2,1,0.085,1
153.1,33.5,2,1,0.537,1
120.5,22.6,2,1,-0.822,1
178.1,38.7,2,1,-0.578,1
109.4,21.0,6,1,0.004,0
228.8,46.1,5,1,-0.96,0
145.0,32.3,3,1,-0.494,0
85.7,15.9,0,1,0.035,1
77.2,15.5,4,1,-0.97,0
139.3,30.7,2,1,-0.471,0
111.1,21.0,6,1,0.028,0
148.6,24.6,7,0,0.146,1
138.9,33.1,4,1,0.852,0
117.1,21.1,3,1,0.291,1
86.1,17.0,3,1,-0.171,1
59.4,14.9,0,1,0.861,1
102.1,17.8,3,0,0.57,1
154.3,26.6,4,1,-0.6,1
128.6,25.5,4,1,-0.738,0
70.2,8.1,1,0,0.352,1
126.9,23.5,3,1,0.12,1
135.4,26.8,1,1,0.579,0
84.6,15.5,1,0,0.478,1
126.1,19.6,4,1,0.25,0
122.3,28.3,8,1,0.973,1
74.3,14.6,3,1,0.067,1
134.3,30.1,5,1,-0.774,0
142.4,26.6,2,1,0.657,1
163.3,28.8,4,0,-0.496,0
162.2,32.0,3,1,0.555,1
64.9,11.8,7,1,0.914,1
82.5,12.3,1,0,0.394,0
140.6,31.4,6,1,0.192,1
140.6,25.2,3,1,-0.079,0
140.6,21.5,4,1,-0.271,1
274.1,56.7,6,0,-0.294,0
142.8,26.0,4,1,0.273,1
165.4,30.0,8,1,0.503,1
158.2,25.1,5,1,0.357,0
146.1,33.3,5,1,-0.603,0
107.4,16.8,4,0,-0.012,0
150.4,29.1,3,1,0.583,1
89.1,19.9,2,1,-0.049,1
110.5,22.5,4,0,0.073,1
100.6,19.2,6,1,0.542,1
123.3,18.6,4,1,0.323,1
212.6,38.5,2,1,-0.181,1
45.3,9.3,1,1,0.791,1
147.5,26.0,3,1,-0.675,0
55.5,11.3,3,0,0.991,1
101.1,21.5,3,1,-0.762,0
163.6,34.3,1,1,-0.97,0
122.6,19.9,2,1,0.78,1
76.9,21.4,6,1,-0.51,1
91.4,19.9,5,1,0.459,0
147.2,28.3,5,1,0.622,1
90.8,20.7,6,0,0.718,1
128.7,31.8,2,1,0.983,1
121.8,19.1,2,1,-0.412,0
93.9,17.4,2,1,0.42,1
205.8,32.4,1,0,-0.769,0
145.4,28.5,1,1,-0.186,0
39.0,8.6,2,1,0.696,1
127.5,24.4,1,1,-0.265,1
93.5,16.0,3,0,0.182,1
154.1,23.5,3,1,0.008,1
88.3,18.1,6,1,0.292,1
115.4,26.6,5,1,0.946,1
140.2,25.2,7,1,-0.889,0
154.6,31.1,3,1,0.148,0
72.0,9.1,5,1,0.726,0
106.6,21.9,2,1,-0.037,1
101.0,18.2,6,0,-0.843,0
93.9,15.8,4,0,0.121,0
190.6,34.4,3,1,-0.336,1
136.2,25.0,5,0,-0.69,0
69.6,14.5,1,1,0.698,1
156.7,26.2,2,1,0.043,1
204.9,38.2,1,1,0.867,1
161.3,30.9,2,1,0.612,1
59.2,8.1,2,1,0.386,1
100.6,24.7,3,1,-0.99,1
170.7,30.3,6,1,-0.144,1
91.7,15.6,3,1,-0.605,0
137.8,23.6,3,1,0.822,1
151.0,34.4,0,1,-0.651,0
82.9,17.6,4,0,-0.428,0
117.6,19.8,0,1,0.034,0
15.0,6.2,4,1,-0.473,0
79.0,15.8,6,1,-0.58,1
109.9,21.9,2,1,0.198,1
70.1,12.4,2,0,-0.822,0
185.3,33.4,6,1,-0.884,0
62.8,13.1,2,1,-0.256,1
102.4,18.1,4,1,0.441,1
125.2,29.5,5,1,0.11,0
177.7,30.4,5,0,-0.154,0
62.6,16.6,1,1,0.132,1
166.5,31.7,4,1,-0.269,1
120.4,24.1,3,1,0.872,1
80.7,18.0,4,1,-0.89,0
138.5,24.7,1,1,0.347,1
128.0,27.2,2,1,0.783,1
96.0,10.3,6,1,0.608,1
122.8,21.5,7,1,-0.632,0
104.6,17.3,3,0,-0.408,0
124.5,20.2,8,1,0.434,0
146.5,27.5,4,1,-0.831,0
183.4,36.4,3,1,0.624,1
70.5,15.7,0,1,0.438,1
205.3,40.2,4,1,0.459,1
41.9,6.1,3,1,-0.8,0
113.9,23.0,1,1,0.436,1
143.5,28.0,3,1,0.36,0
131.2,28.0,3,1,0.662,1
95.1,20.6,7,1,-0.917,0
111.7,21.6,4,1,-0.954,0
100.3,16.6,3,1,-0.254,0
96.4,16.6,2,0,-0.702,0
154.0,28.0,1,0,0.117,1
134.3,24.9,6,1,0.835,1
92.3,18.6,6,1,-0.217,1
156.0,32.1,4,1,0.69,1
132.3,25.3,3,1,-1.0,0
152.5,29.4,1,0,-0.663,0
145.2,28.4,7,1,-0.939,0
86.8,15.2,4,1,-0.344,0
97.6,16.0,1,1,0.816,1
149.9,23.6,2,1,-0.806,1
144.4,25.7,2,1,0.213,1
119.2,24.3,3,1,-0.097,0
124.7,21.9,1,1,0.877,1
171.1,32.2,6,1,-0.755,0
96.3,19.9,4,1,-0.576,0
141.9,28.8,8,1,-0.941,0
111.9,18.3,4,1,-0.132,1
111.3,24.4,2,1,-0.444,0
164.0,34.9,4,1,0.74,1
153.0,26.0,7,0,0.21,1
152.5,26.9,6,0,0.228,0
172.2,36.7,6,0,0.064,1
120.8,22.8,3,1,-0.816,0
147.3,21.7,3,1,-0.11,0
107.6,16.5,1,1,0.999,1
133.0,24.8,6,0,0.67,1
114.8,18.6,2,0,0.787,1
123.9,22.6,5,0,0.646,1
143.8,27.8,2,1,-0.794,0
87.3,21.2,5,0,-0.545,0
203.7,38.3,4,1,-0.994,0
79.8,18.6,2,1,-0.393,0
71.4,18.0,3,1,-0.783,1
166.3,36.3,3,1,-0.054,1
151.7,30.0,4,1,0.354,0
145.0,22.0,1,1,0.749,1
145.1,29.3,5,1,0.498,0
119.5,26.1,2,1,0.877,1
84.1,15.9,3,0,-0.892,0
123.0,28.9,3,1,-0.976,0
92.9,20.4,5,1,0.323,0
159.0,32.3,2,1,-0.421,1
114.1,25.2,4,0,-0.493,0
87.0,17.7,1,1,-0.338,0
107.1,13.1,2,1,-0.46,0
136.5,24.8,4,1,0.023,0
97.5,22.3,5,1,-0.12,0
87.1,14.3,4,1,0.025,1
129.7,24.3,4,0,0.345,1
129.8,21.8,4,1,-0.226,1
99.7,24.5,4,1,-0.497,0
101.2,24.5,4,0,-0.668,0
129.3,22.2,0,0,-0.301,0
62.1,12.4,2,1,0.484,0
63.7,10.2,5,0,0.513,1
91.3,19.4,5,1,0.334,1
111.5,23.0,3,1,-0.532,0
132.4,27.9,2,1,0.176,1
179.0,35.4,1,1,0.141,1
154.3,38.5,4,1,-0.031,0
113.6,18.8,8,1,0.1,0
119.2,17.8,2,1,-0.016,1
79.9,14.2,4,1,0.131,1
119.3,18.2,6,1,0.431,1
108.5,16.4,5,1,-0.781,0
132.9,22.6,3,1,0.499,1
86.9,13.9,2,1,-0.728,1
140.8,24.2,4,1,-0.867,0
181.3,36.4,2,1,0.952,1
115.6,20.7,1,1,0.914,0
136.1,25.6,5,1,-0.879,0
147.6,31.1,2,1,-0.113,0
104.0,17.7,4,0,-0.628,0
129.0,24.0,5,1,-0.029,0
120.5,24.3,4,1,0.66,0
123.9,18.0,5,1,0.901,1
89.1,10.0,4,0,0.269,1
121.0,24.3,3,1,-0.292,0
139.9,28.4,1,1,0.207,0
178.0,40.4,0,1,-0.376,0
158.4,30.9,4,1,0.82,1
206.1,42.1,0,1,0.741,1
89.3,16.6,3,1,0.116,0
154.9,30.7,1,1,-0.35,1
127.3,29.5,3,1,-0.413,0
207.6,33.5,2,1,-0.933,0
87.7,18.1,6,1,0.632,1
86.4,23.0,3,1,-0.099,0
96.0,19.3,4,1,-0.35,1
35.0,11.7,2,0,-0.058,1
99.0,17.1,4,0,0.637,1
89.6,17.1,2,1,-0.751,1
126.0,24.3,2,1,0.715,1
133.7,19.1,4,1,0.795,1
195.0,34.0,7,1,0.893,1
158.0,27.1,4,1,-0.205,0
96.9,21.1,1,0,-0.566,0
84.1,18.8,3,1,-0.253,1
139.7,27.8,4,1,-0.334,1
67.2,15.4,2,1,-0.648,0
193.3,36.7,5,1,0.215,0
167.2,35.8,2,1,-0.047,0
101.2,19.5,5,1,0.731,0
51.5,10.1,3,1,-0.936,0
174.2,32.7,3,0,0.288,1
115.4,24.2,6,1,0.526,1
169.5,31.3,4,0,0.519,1
56.2,13.7,9,0,0.772,1
96.0,15.1,3,1,0.458,1
120.2,19.8,2,1,0.856,1
121.9,25.5,4,1,-0.335,1
102.0,19.3,6,0,0.006,0
144.9,26.5,4,1,-0.972,0
77.3,17.5,2,1,-0.986,0
114.3,20.2,6,1,-0.52,0
124.8,23.4,2,1,-0.798,0
140.6,31.2,1,0,-0.48,0
148.5,33.2,1,1,-0.646,1
75.0,19.1,3,1,-0.943,0
58.6,10.4,9,1,0.819,1
171.1,36.6,2,0,-0.984,0
133.3,22.8,7,1,0.472,1
90.1,14.6,2,1,-0.696,0
182.0,28.0,5,1,0.824,1
124.6,29.0,0,1,0.786,0
167.2,29.6,3,1,0.308,1
122.7,23.2,9,1,0.344,1
202.4,36.2,6,1,-0.989,0
190.2,38.7,7,1,0.97,1
110.0,20.0,1,1,0.756,1
158.9,26.6,4,1,0.79,1
145.8,29.4,5,1,0.318,1
174.7,29.3,4,0,-0.31,0
81.4,13.1,3,0,0.787,1
147.4,22.0,8,1,-0.417,0
162.3,26.9,2,1,0.125,1
49.7,10.1,4,1,-0.801,0
72.7,8.1,1,1,0.844,1
38.4,3.0,4,1,-0.718,0
109.2,21.0,4,1,-0.55,1
148.7,27.0,3,1,0.116,1
180.1,40.6,5,0,0.528,1
123.0,29.1,1,1,0.239,0
185.1,33.0,5,1,-0.536,0
64.8,14.1,1,1,-0.998,0
51.9,12.2,2,1,0.514,1
117.8,20.9,1,1,0.97,1
135.4,21.5,5,1,0.62,1
118.7,22.8,3,1,-0.08,0
37.3,6.7,2,1,0.808,1
116.4,21.1,2,0,-0.18,0
67.8,14.4,4,1,0.05,1
146.8,26.0,2,1,-0.046,0
134.7,22.4,4,1,-0.105,1
82.4,16.2,2,1,0.55,1
99.4,20.3,2,1,0.054,0
77.6,11.4,2,1,-0.367,1
117.5,25.4,7,0,-0.484,0
158.2,25.1,5,0,-0.925,0
80.6,13.8,5,1,0.166,1
140.2,26.2,5,0,-0.54,0
98.8,17.1,3,1,-0.704,0
88.3,15.3,4,1,0.308,0
115.7,27.9,3,1,0.362,1
78.6,12.6,2,0,0.504,1
97.9,26.1,5,1,0.007,0
72.1,15.2,3,1,0.788,1
198.6,38.5,4,1,0.873,1
121.4,24.8,3,1,0.615,1
92.0,25.3,2,1,0.271,1
128.6,21.7,5,0,-0.393,1
115.5,18.9,2,1,0.966,1
111.2,19.1,2,1,-0.452,1
144.6,27.9,3,1,-0.595,0
150.3,23.7,3,1,-0.116,0
98.8,19.1,6,1,-0.886,0
97.0,23.7,1,1,0.957,1
109.0,21.4,5,1,0.177,1
27.9,4.5,1,1,0.114,1
59.4,9.6,4,1,0.312,0
174.7,36.3,2,1,-0.006,1
185.8,33.3,3,1,-0.936,0
110.0,26.7,3,1,0.225,1
143.1,33.3,3,0,0.432,0
132.5,26.2,4,1,-0.167,1
243.2,46.7,0,1,0.515,1
164.8,34.8,4,1,-0.546,0
114.9,25.4,0,1,-0.557,0
81.8,13.3,6,0,-0.677,0
55.7,9.1,7,1,-0.256,0
128.1,20.7,6,1,0.694,1
89.7,18.5,5,1,0.656,1
63.1,14.1,2,1,-0.234,1
94.1,14.1,1,1,0.178,1
76.7,13.4,4,1,0.442,1
187.5,32.0,5,1,-0.518,0
155.3,27.2,4,1,-0.664,1
119.7,24.7,3,1,0.944,1
179.2,32.3,6,0,0.235,1
123.1,22.8,2,1,0.963,1
85.5,11.6,4,1,-0.324,1
180.9,35.4,4,1,0.406,1
141.6,27.1,3,1,-0.555,1
78.5,12.9,8,1,-0.478,0
112.4,21.0,0,1,0.024,1
85.0,16.9,4,1,-0.361,0
64.7,10.0,2,1,-0.665,1
157.0,25.8,2,1,-0.474,1
196.4,43.2,1,0,-0.929,0
64.1,10.4,2,1,0.409,1
142.5,27.1,7,1,-0.016,0
94.0,21.1,1,1,-0.812,0
100.5,29.9,2,1,-0.657,0
96.3,14.8,3,1,-0.795,0
85.4,17.8,5,0,0.225,1
121.9,21.3,3,1,-0.812,0
86.8,15.1,4,1,0.509,0
130.8,23.0,6,1,-0.959,0
118.0,19.3,3,1,-0.501,0
110.4,21.1,3,1,0.781,1
83.7,11.7,3,1,0.437,1
96.9,21.5,2,1,-0.854,0
150.2,29.1,3,1,0.642,1
140.0,28.2,6,1,-0.014,1
80.9,14.2,2,1,0.694,1
124.0,22.7,3,1,0.201,0
150.1,29.7,1,1,0.364,1
53.2,6.7,2,1,0.987,1
141.7,26.2,3,1,-0.535,1
93.5,15.4,8,1,0.248,0
142.8,24.8,6,1,-0.079,0
89.5,10.9,4,1,-0.921,0
47.8,13.2,5,1,-0.971,0
54.9,8.5,3,1,-0.762,0
121.9,26.9,1,1,0.298,1
130.4,28.3,8,1,0.134,0
83.8,12.3,3,0,0.107,1
145.5,24.7,5,1,-0.936,0
53.5,18.0,3,1,-0.061,1
117.4,27.8,2,1,0.849,1
71.6,13.7,3,1,-0.205,0
93.9,18.8,2,1,0.25,1
121.9,21.5,3,1,0.56,0
85.6,17.8,0,1,0.568,0
104.6,18.0,3,1,0.039,1
160.3,24.7,3,1,0.716,1
96.9,14.7,1,1,-0.217,0
153.4,29.6,1,1,0.777,1
74.8,11.0,1,1,-0.52,1
141.2,27.0,2,1,-0.44,1
177.7,30.9,5,1,-0.894,0
21.1,3.0,4,1,0.591,1
88.1,19.5,4,1,-0.166,1
143.1,28.3,4,1,-0.542,1
111.9,21.5,2,1,-0.536,0
134.8,28.6,2,0,0.803,1
95.8,19.9,4,0,0.668,1
123.5,28.1,4,1,0.107,0
113.8,20.5,3,1,0.232,1
166.7,30.8,1,1,-0.051,0
130.2,21.1,4,1,-0.217,1
133.5,24.4,4,1,0.831,1
103.5,22.8,5,1,-0.749,0
100.5,23.2,3,0,-0.163,0
102.7,22.6,1,1,-0.311,0
135.8,20.7,8,1,-0.004,1
103.2,23.1,4,1,-0.085,0
131.6,19.8,6,0,0.038,0
203.0,41.7,1,1,-0.72,0
154.8,28.7,2,1,0.026,0
107.0,22.7,4,1,-0.515,0
168.0,28.3,2,1,-0.631,0
103.7,23.5,7,1,-0.87,0
38.5,3.0,4,0,0.525,1
79.7,13.3,4,1,-0.145,1
45.2,5.7,1,1,0.253,1
105.9,15.1,2,1,0.455,1
120.7,23.5,5,1,0.359,1
187.1,41.4,0,1,-0.059,0
133.1,33.6,1,0,-0.224,0
111.2,21.7,0,1,-0.248,0
153.2,32.8,3,1,0.28,1
31.6,6.8,3,1,-0.01,1
129.4,26.4,4,1,0.698,1
150.8,28.0,2,1,0.749,1
60.9,12.3,4,1,-0.659,0
165.8,33.5,8,1,-0.728,0
133.5,23.9,3,1,0.261,1
103.4,19.6,1,0,-0.398,1
145.3,27.8,4,1,-0.963,0
210.8,43.0,1,1,0.777,1
127.3,21.3,4,1,-0.546,0
129.9,24.8,3,1,0.859,1
101.6,25.3,3,1,0.435,1
86.0,20.0,5,1,0.525,1
153.2,33.5,4,0,-0.597,0
85.8,16.6,1,1,-0.532,0
122.9,24.6,1,1,0.043,1
100.9,22.4,8,0,-0.656,0
139.2,31.4,4,1,-0.389,0
133.3,19.8,4,1,-0.357,0
161.5,27.1,5,1,-0.681,0
99.6,23.1,0,0,-0.59,0
109.2,20.2,4,1,0.577,1
80.8,13.5,2,1,-0.666,0
102.2,15.9,3,1,-0.943,0
135.1,24.3,1,0,0.259,1
150.3,24.7,5,1,0.952,1
83.1,22.3,3,1,-0.338,0
154.8,29.7,7,1,-0.763,1
174.2,33.3,3,0,0.141,1
136.5,28.0,1,0,0.813,1
195.1,40.4,1,0,0.568,1
89.0,20.0,6,1,0.245,0
70.2,16.7,3,1,-0.37,0
48.9,7.5,3,1,0.084,0
179.8,33.7,2,0,-0.818,0
146.2,30.4,5,1,0.358,1
117.8,21.1,5,1,0.45,1
131.2,25.2,4,1,0.93,0
75.0,15.6,3,1,-0.479,0
217.8,44.2,2,1,-0.963,0
125.2,18.7,3,1,0.091,1
124.4,26.1,2,1,0.414,1
149.0,28.0,5,1,0.581,1
139.2,28.9,4,1,-0.613,1
129.0,27.1,3,1,-0.476,0
88.4,21.8,4,1,0.025,1
138.9,30.8,6,1,-0.339,0
195.3,41.6,4,1,0.721,0
173.8,37.8,6,1,-0.052,1
183.7,36.2,1,1,0.599,1
99.6,19.2,3,1,0.161,1
80.4,18.1,3,1,0.546,1
115.0,24.3,2,1,-0.335,0
122.2,22.6,3,0,0.663,0
163.8,32.7,8,1,-0.451,0
52.3,10.0,5,1,0.092,1
181.2,32.3,3,1,-0.572,0
113.7,25.7,5,1,-0.049,1
102.9,20.0,2,1,-0.364,0
79.5,21.4,2,1,-0.467,0
53.8,5.5,5,1,0.934,1
152.9,27.7,2,1,-0.68,0
122.9,23.7,5,0,0.575,1
68.4,16.6,1,1,0.968,1
68.2,14.3,3,1,-0.96,0
106.6,21.4,3,1,0.398,1
186.8,32.5,1,1,-0.494,0
109.6,17.6,2,0,-0.919,1
59.9,12.5,5,1,-0.194,1
110.2,17.1,2,0,0.87,0
109.1,19.4,5,1,-0.976,1
15.0,4.4,2,1,0.176,1
117.8,19.7,5,1,0.003,1
110.8,26.1,1,1,0.747,1
147.8,32.1,5,1,-0.832,0
194.0,32.6,4,1,0.363,1
165.1,28.9,4,1,0.36,1
109.2,14.2,5,1,0.338,1
75.7,12.2,4,1,0.885,1
222.9,45.2,3,1,0.646,1
122.4,22.3,3,1,-0.916,1
120.6,24.6,3,1,-0.058,1
119.0,18.3,7,1,-0.204,0
127.9,27.0,4,1,-0.38,1
114.2,20.3,4,0,-0.097,0
97.1,18.7,0,0,-0.232,1
98.1,18.6,4,1,-0.135,1
118.7,19.0,5,0,0.959,0
98.3,15.4,4,1,-0.823,0
91.5,20.5,0,1,0.844,1
124.3,25.1,3,1,-0.04,1
109.8,24.3,4,1,0.247,1
180.2,35.6,5,1,0.66,1
15.0,3.3,0,1,-0.279,1
163.7,26.3,9,1,-0.139,0
169.8,31.9,2,1,-0.181,0
37.1,7.0,4,1,-0.251,1
106.3,26.3,1,0,0.851,1
105.1,22.3,2,1,0.658,1
63.7,16.9,3,1,-0.782,1
88.9,18.9,4,1,-0.784,0
75.6,12.4,4,1,-0.144,1
190.1,36.9,6,1,-0.803,0
157.4,31.0,3,1,0.238,0
170.9,30.0,4,1,-0.713,0
148.9,27.5,4,1,0.045,0
74.8,13.8,8,1,-0.986,0
99.0,23.9,4,1,-0.367,0
139.6,20.6,5,1,0.354,0
71.1,17.3,2,1,-0.032,1
148.5,25.8,6,0,0.957,1
110.4,17.1,3,1,0.748,1
105.0,23.7,2,0,-0.282,0
148.4,30.7,7,1,-0.909,0
137.8,30.3,6,0,0.691,0
105.6,22.7,2,1,0.822,1
166.4,38.2,4,1,0.641,0
76.8,16.4,5,0,-0.744,0
144.6,27.3,5,1,0.996,1
143.7,28.7,2,1,-0.483,0
107.6,24.4,4,1,0.448,0
133.0,23.2,4,1,0.816,1
70.0,11.5,5,0,-0.529,1
157.0,29.3,4,1,0.817,1
112.6,15.3,2,1,-0.381,1
99.1,19.5,4,1,0.953,1
162.0,25.5,4,1,-0.437,0
91.8,17.8,0,1,0.907,1
63.7,14.8,4,1,-0.893,0
57.7,9.7,5,1,0.419,1
144.2,32.8,2,1,0.064,1
68.8,8.8,5,0,-0.044,1
190.2,40.1,4,1,-0.553,1
36.7,9.1,6,1,0.411,1
187.9,31.0,1,1,-0.618,0
128.4,32.8,2,1,0.106,0
116.1,22.1,0,1,-0.494,1
98.2,16.3,4,0,0.911,1
136.0,21.9,3,1,-0.943,1
118.5,22.1,2,0,-0.601,0
164.1,31.2,3,1,-0.515,0
124.6,24.3,2,1,-0.172,1
126.0,23.3,1,1,-0.535,0
105.5,22.2,1,1,-0.017,1
117.7,21.5,7,1,0.745,1
132.3,19.6,7,0,0.424,0
51.6,9.5,4,1,0.16,1
66.1,5.6,0,0,-0.822,0
149.7,29.9,3,1,0.388,1
126.8,21.5,1,1,-0.667,0
112.6,22.2,2,1,0.573,1
120.7,27.2,1,1,-0.5,0
133.9,22.9,3,0,-0.166,0
98.4,22.1,4,1,-0.299,0
88.9,15.8,2,1,0.718,1
127.8,29.8,2,1,-0.747,0
80.9,14.5,3,1,0.131,1
136.3,23.7,2,1,-0.716,0
51.9,12.0,4,1,0.41,1
161.2,29.7,3,1,0.81,1
138.9,24.2,7,1,-0.131,1
130.2,23.6,3,1,-0.024,1
159.3,30.5,2,1,0.855,0
186.6,39.9,5,1,0.042,1
160.6,25.1,2,1,-0.025,0
46.4,9.0,1,1,0.157,1
68.8,15.1,4,1,0.378,1
95.0,18.9,3,1,-0.786,0
121.0,27.2,4,1,0.642,1
140.7,26.8,3,1,-0.129,0
91.0,16.9,5,1,-0.855,0
127.5,26.3,3,1,0.572,1
89.8,17.6,3,1,-0.246,0
95.5,17.2,1,1,-0.799,1
63.7,13.8,3,1,0.268,0
83.1,14.0,4,1,0.76,1
65.9,10.8,2,1,0.776,1
81.0,14.0,3,1,0.915,1
162.1,35.2,2,1,0.735,1
82.0,6.1,3,1,-0.996,0
225.3,44.5,2,1,-0.24,1
139.7,27.0,1,1,0.637,1
127.4,19.5,2,1,-0.267,0
85.7,17.4,3,1,0.203,1
148.0,29.9,5,1,0.213,0
97.0,20.4,3,1,-0.27,1
124.9,16.1,6,1,0.809,1
222.4,46.9,2,0,0.006,1
116.2,20.1,6,1,-0.07,1
166.0,34.0,6,1,0.995,1
91.9,19.9,8,1,-0.013,1
118.6,20.2,1,0,-0.643,0
190.8,38.7,5,1,0.026,0
94.9,17.1,3,1,0.628,1
192.5,30.8,6,1,0.554,1
148.3,32.0,5,1,0.577,1
97.5,16.4,1,0,0.416,1
145.3,25.4,0,1,-0.492,0
158.9,29.3,2,1,0.724,1
144.9,28.7,5,0,0.787,1
57.2,10.8,6,1,-0.612,0
90.9,19.1,3,1,-0.739,0
110.1,17.2,5,1,0.951,1
117.0,20.3,3,1,0.737,1
144.8,27.5,3,1,0.786,1
127.1,30.1,2,1,0.773,1
66.6,12.5,1,1,0.083,0
135.2,29.3,8,1,0.293,1
144.4,27.9,2,0,0.091,1
142.4,25.9,4,1,-0.898,0
163.2,30.7,7,0,0.491,0
153.4,29.0,5,1,0.011,1
138.4,28.4,3,1,0.295,1
117.2,26.7,2,0,0.005,1
53.6,11.4,3,1,-0.016,0
137.2,29.9,5,1,-0.656,0
128.3,21.8,3,1,-0.443,0
130.9,23.9,3,1,-0.682,0
68.9,11.1,5,1,-0.609,0
76.8,15.7,1,0,0.946,1
162.1,30.1,3,1,-0.694,0
118.4,25.0,2,1,-0.461,0
147.3,25.5,1,1,0.181,1
121.1,23.4,2,1,0.22,1
121.2,25.4,1,1,-0.692,0
157.5,24.1,3,1,0.587,0
99.4,25.5,4,1,0.57,1
123.8,23.0,2,1,-0.525,1
101.5,13.4,8,0,-0.423,0
102.6,20.2,5,1,0.876,1
107.6,20.8,5,1,0.651,1
128.9,24.5,3,1,0.396,1
100.9,22.4,0,1,-0.836,1
170.2,35.0,3,1,-0.163,0
84.2,17.1,4,0,0.119,1
112.5,23.0,6,1,-0.625,0
102.4,19.4,4,0,-0.104,1
177.9,39.5,3,1,0.202,1
127.9,20.2,2,0,-0.345,1
161.3,31.4,2,1,0.562,1
60.6,11.8,2,0,0.681,1
130.7,27.6,4,1,-0.353,0
155.6,27.4,1,1,0.677,1
123.3,18.5,5,0,-0.793,0
162.6,31.7,6,1,0.675,1
99.3,19.9,6,1,-0.694,0
176.4,38.4,3,1,-0.834,0
212.0,36.9,6,0,0.284,0
105.5,23.7,5,1,-0.056,0
102.2,26.8,4,1,0.816,1
178.1,33.1,2,1,-0.274,1
183.2,31.4,2,1,-0.426,0
99.1,17.8,2,1,0.001,0
103.2,19.9,5,1,-0.088,1
108.7,22.6,3,1,-0.311,1
66.2,11.0,2,0,0.387,0
83.3,20.7,6,1,0.519,1
79.8,12.0,7,1,0.706,1
89.3,12.0,2,1,0.946,1
118.6,26.1,5,1,-0.467,1
129.4,18.1,2,1,0.432,1
182.0,34.4,4,1,-0.211,1
80.1,24.8,2,1,0.354,1
159.4,30.6,2,1,-0.048,1
111.4,18.1,5,1,0.988,1
118.0,22.5,4,1,0.458,1
147.0,28.1,2,1,0.905,1
75.1,14.9,1,1,0.67,1
135.3,28.0,0,1,0.806,1
126.7,21.2,3,1,0.629,0
139.7,31.9,1,1,-0.082,0
131.6,26.0,1,1,-0.496,0
218.2,44.1,5,1,-0.259,0
94.5,16.3,8,1,-0.96,0
98.8,22.9,3,1,0.048,1
95.1,17.5,3,1,0.01,0
97.8,19.6,2,0,0.051,0
94.5,15.4,3,0,0.948,1
167.6,29.2,1,1,0.823,1
176.8,36.1,5,1,-0.677,0
97.2,17.4,3,1,-0.262,1
86.7,14.1,2,1,-0.152,0
138.9,24.8,5,1,-0.279,0
97.9,20.9,3,1,0.597,1
145.3,26.1,6,1,0.048,1
128.1,24.3,5,1,0.144,1
59.4,11.5,4,1,0.706,1
181.9,29.2,5,1,0.612,1
191.8,32.5,2,1,-0.736,0
95.5,19.4,6,1,0.428,1
104.5,17.9,5,1,-0.129,1
131.4,28.4,6,1,-0.411,1
133.4,28.6,5,1,-0.9,0
146.3,30.3,3,1,-0.026,1
200.4,44.0,1,1,-0.289,1
112.9,21.5,3,1,-0.497,1
88.1,18.9,3,1,0.389,1
64.8,10.7,5,0,0.539,1
90.8,24.8,3,1,-0.51,1
118.7,28.8,4,1,-0.901,0
191.8,36.9,3,1,0.698,1
99.3,20.3,2,0,-0.98,1
129.0,28.9,3,1,0.874,1
119.3,22.5,2,0,0.255,1
167.5,30.2,3,1,-0.356,0
221.1,45.1,5,1,-0.507,1
98.8,19.2,4,0,-0.982,0
100.4,19.9,4,1,-0.529,0
161.8,28.6,1,1,-0.725,0
147.3,23.2,4,1,0.224,1
193.9,38.0,6,1,-0.667,0
143.4,30.3,5,1,0.057,1
105.6,19.6,3,1,0.18,0
143.6,31.9,4,1,-0.404,0
164.3,29.5,3,1,-0.93,1
152.8,26.2,3,0,-0.925,0
140.3,26.8,4,1,-0.947,0
162.7,31.0,5,1,0.478,1
166.8,34.4,4,1,-0.364,1
175.3,31.4,2,1,0.593,1
145.9,32.2,2,1,-0.137,0
113.3,27.7,3,0,-0.094,0
125.9,24.1,4,1,0.026,0
168.3,36.1,4,1,0.426,1
87.3,13.6,1,1,-0.453,0
134.7,29.1,2,1,-0.757,0
104.3,23.2,5,0,0.112,1
121.1,25.9,5,1,-0.346,0
171.1,32.9,2,1,-0.115,1
127.6,15.7,5,1,0.294,1
121.9,21.5,4,1,-0.012,1
65.6,10.7,3,1,0.241,1
149.9,25.9,4,1,0.088,0
145.8,28.4,5,1,0.48,1
206.5,38.5,2,1,0.412,1
107.7,18.2,5,1,0.068,1
128.8,21.6,2,0,0.358,0
130.0,22.8,1,0,0.747,1
183.1,38.6,4,1,-0.135,0
116.2,20.4,6,1,-0.174,0
131.2,23.7,2,1,0.528,1
144.3,26.4,3,1,0.165,1
127.5,25.5,4,1,-0.858,0
102.1,21.0,3,1,0.784,1
127.8,15.4,1,0,-0.938,0
162.9,34.4,2,0,0.497,1
78.9,19.5,1,1,0.518,1
125.3,20.9,4,1,0.906,1
92.0,14.8,0,1,-0.892,0
167.8,30.9,5,1,0.194,1
59.1,9.1,2,1,-0.144,0
97.6,19.4,5,1,-0.339,0
135.1,20.1,6,0,-0.819,0
182.6,31.8,6,1,0.125,0
117.4,27.2,3,1,-0.042,1
97.8,16.0,3,1,-0.791,0
195.2,41.3,4,1,0.225,1
62.1,13.0,2,1,0.476,1
32.0,3.0,5,0,0.535,0
137.6,28.4,3,1,0.811,1
99.9,18.9,5,1,-0.181,1
79.2,13.9,6,1,0.906,1
148.3,29.3,2,1,0.731,1
129.8,26.4,1,0,-0.407,0
97.4,20.9,3,1,-0.681,1
68.8,16.8,2,0,-0.129,0
154.9,31.0,1,1,-0.196,0
146.0,24.0,7,1,0.151,0
116.0,20.9,1,1,0.167,1
193.9,46.1,6,1,0.5,1
77.2,17.0,6,1,0.02,1
59.0,18.4,6,1,-0.79,0
92.3,21.9,6,1,0.717,1
118.2,23.5,1,1,-0.38,0
129.7,25.9,5,1,0.943,1
110.4,21.1,3,1,-0.764,0
134.1,20.6,4,1,0.917,1
69.9,13.5,0,1,-0.818,0
177.8,37.8,5,1,-0.538,1
116.7,20.6,7,1,-0.907,0
164.7,32.9,2,1,0.41,1
133.7,28.3,3,1,0.701,1
138.3,23.9,4,1,-0.132,1
142.8,26.1,3,1,0.857,1
137.9,23.5,1,0,0.181,1
145.7,25.6,7,1,0.26,1
173.2,29.4,2,1,0.691,1
127.9,21.9,6,1,-0.406,1
148.4,32.8,6,1,-0.291,1
116.4,19.6,1,0,0.812,0
177.6,34.5,4,1,0.802,1
92.9,16.4,5,0,0.953,1
192.0,40.5,2,0,0.804,1
118.4,26.7,0,1,-0.745,0
62.8,14.7,3,1,0.647,1
125.1,25.0,4,1,-0.18,1
92.8,17.1,3,1,0.982,1
153.6,26.0,6,1,-0.055,0
93.9,23.9,3,1,0.108,0
102.2,17.4,8,1,0.06,0
44.4,10.5,3,1,-0.357,0
101.9,22.8,6,1,-0.85,0
23.0,3.0,2,0,0.791,1
56.6,14.0,3,1,0.605,1
150.4,31.2,5,0,-0.721,0
151.4,34.3,4,1,0.554,1
137.0,24.9,3,1,0.252,1
81.3,11.8,5,1,-0.182,0
118.1,21.2,4,1,-0.492,1
119.9,23.7,3,1,0.719,1
73.7,14.3,2,1,0.4,0
180.1,33.5,4,1,0.095,1
155.1,24.1,3,1,0.219,1
111.2,22.8,2,1,-0.818,1
121.1,29.2,5,0,-0.052,1
128.3,26.1,6,1,-0.613,1
38.3,9.2,6,1,-0.583,0
110.1,22.9,2,1,0.323,1
92.7,19.0,3,0,0.823,0
79.9,18.2,2,1,-0.192,0
108.8,22.1,0,1,-0.585,1
191.9,36.0,4,1,0.297,1
145.6,25.6,3,1,0.742,1
97.2,17.9,4,1,0.497,1
142.9,28.4,4,0,0.738,1
176.0,32.9,3,1,0.073,0
157.0,31.1,6,1,0.504,0
122.4,24.9,3,1,-0.72,1
94.1,20.6,4,1,-0.303,1
147.9,32.3,2,0,-0.221,1
135.7,26.3,3,1,0.023,1
155.8,26.0,3,1,0.858,1
145.4,26.9,5,1,0.749,1
162.0,31.3,4,1,-0.731,0
98.6,13.5,8,1,-0.654,0
172.7,37.4,5,1,-0.285,0
127.9,25.0,4,1,-0.419,0
203.0,40.2,2,1,0.23,1
92.4,21.9,3,1,0.806,1
189.4,34.5,1,1,0.925,1
127.9,26.3,4,1,0.307,1
93.9,17.7,3,1,0.676,1
100.6,18.8,4,1,0.05,0
107.2,18.3,4,0,-0.583,0
137.0,31.3,3,1,0.049,1
140.9,26.0,5,0,0.11,1
97.1,20.8,2,0,0.485,0
119.0,17.3,6,1,-0.56,0
205.7,43.1,5,1,-0.263,0
189.1,39.5,1,0,-0.272,0
137.5,26.7,5,1,0.919,1
121.5,22.7,4,1,-0.112,0
124.8,25.2,0,1,0.51,1
144.5,34.7,3,1,0.502,1
79.1,9.9,3,1,-0.469,1
109.7,23.4,4,1,0.144,1
53.3,7.5,4,1,0.789,1
136.0,26.1,1,1,-0.05,0
145.9,27.3,1,1,0.89,1
100.7,18.1,3,1,-0.571,0
183.0,35.2,2,1,-0.852,1
71.0,10.2,4,0,0.783,0
61.4,14.9,1,1,0.695,1
129.0,19.4,2,1,0.985,1
161.9,32.8,3,1,0.359,0
187.4,35.1,3,1,0.873,1
101.6,16.0,2,1,0.654,0
163.1,32.0,3,0,0.689,0
118.5,18.1,6,1,0.138,0
113.1,21.9,3,0,-0.235,0
155.3,25.6,4,1,0.869,1
146.1,29.5,4,1,-0.136,0
56.9,8.2,2,1,0.078,1
179.1,33.1,4,0,-0.108,0
175.2,34.6,4,1,0.13,0
95.0,15.9,2,1,-0.059,0
135.8,25.9,4,0,-0.904,1
139.8,22.3,4,1,0.764,1
130.4,27.0,5,1,-0.111,0
98.0,24.1,5,0,0.178,0
93.1,26.3,2,1,-0.722,1
119.0,23.2,2,1,-0.993,1
166.9,34.5,5,1,-0.509,1
141.7,21.9,2,1,0.409,1
105.2,24.7,5,1,-0.802,0
150.9,31.3,3,1,0.818,0
15.0,3.0,4,1,-0.57,0
166.0,35.6,6,1,-0.591,0
50.4,8.9,5,0,-0.637,0
105.5,18.9,6,0,-0.972,0
75.2,15.9,5,1,0.544,0
68.2,9.9,3,1,0.75,1
166.4,35.1,5,0,0.228,1
101.3,16.3,5,1,-0.624,0
133.9,22.6,4,1,-0.429,0
118.1,20.0,4,0,-0.048,0
139.1,29.0,1,1,0.909,1
123.1,21.8,4,1,-0.505,1
68.7,9.2,2,1,0.463,1
159.9,28.9,5,1,-0.121,0
100.2,19.2,4,1,-0.404,1
57.7,7.6,1,1,-0.088,1
102.9,16.3,7,1,-0.858,0
180.0,41.0,3,1,0.597,1
154.0,27.0,3,1,-0.513,0
106.1,19.4,6,1,0.451,1
106.0,19.3,6,1,-0.863,1
107.1,19.3,4,1,0.91,1
203.1,40.9,2,0,-0.614,0
135.3,28.9,5,1,0.765,1
137.2,25.5,5,1,0.619,1
161.2,27.3,3,1,0.936,1
129.6,28.7,3,1,-0.044,0
109.6,20.8,3,1,0.455,1
112.1,26.8,6,1,-0.259,1
117.1,15.8,1,1,-0.631,1
118.5,23.4,4,1,-0.114,0
149.1,34.4,8,0,-0.669,0
122.1,22.4,2,1,0.964,1
149.3,28.0,0,1,-0.808,0
116.8,23.3,1,1,0.178,0
123.1,22.0,4,1,0.253,0
40.1,6.8,6,0,0.076,1
156.7,29.1,2,1,0.324,1
133.9,23.9,4,1,-0.768,1
159.9,34.4,2,1,0.11,0
15.0,4.3,4,1,-0.426,0
203.5,39.9,5,1,0.88,1
114.4,24.4,3,1,0.524,0
164.3,30.8,1,0,0.945,0
78.4,12.8,4,1,-0.925,0
144.5,26.0,4,1,-0.43,0
77.9,15.0,3,1,-0.609,0
95.0,15.1,3,1,-0.978,0
196.6,36.3,1,1,-0.515,0
112.4,20.1,5,1,0.358,0
128.7,31.1,3,1,-0.538,1
154.8,21.4,5,1,0.018,1
139.8,26.4,3,0,0.776,0
126.0,29.4,2,1,0.388,1
134.6,26.2,6,0,-0.211,0
216.1,43.8,1,1,-0.255,1
117.7,22.9,5,1,-0.089,1
128.0,22.6,3,1,-0.646,0
162.0,24.4,3,1,0.268,1
164.2,32.2,3,0,-0.272,0
167.5,29.9,3,1,0.705,1
145.5,25.6,4,1,0.513,1
74.3,12.8,3,1,0.221,1
185.3,40.9,4,1,-0.272,1
74.1,21.5,2,1,-0.58,1
132.1,26.1,7,1,0.552,1
89.8,15.9,2,1,-0.027,1
117.4,19.1,1,1,-0.55,1
133.2,27.0,3,1,-0.61,0
132.9,30.9,4,1,-0.669,1
136.9,25.6,5,0,0.554,1
184.5,28.4,3,1,-0.542,1
138.1,28.6,5,0,0.053,0
110.2,24.2,1,0,-0.097,0
158.6,25.7,3,1,0.159,0
167.6,32.8,3,1,0.754,1
70.9,15.0,5,1,0.735,1
143.9,27.5,3,1,-0.098,0
148.0,26.1,5,1,-0.969,0
108.1,23.8,6,1,-0.147,0
175.0,32.4,6,1,0.212,1
114.0,17.5,2,0,0.116,1
125.0,17.9,2,1,0.303,1
113.1,25.5,3,1,-0.692,0
120.6,25.0,5,1,0.293,0
76.1,14.9,3,0,-0.635,0
62.4,10.7,1,1,0.501,0
183.8,33.8,5,1,-0.322,0
86.1,13.3,4,1,0.42,0
80.3,14.2,3,1,-0.904,0
33.9,3.0,6,1,-0.184,0
94.4,16.0,5,1,0.41,1
67.1,12.0,7,1,-0.546,1
185.7,37.5,5,1,0.591,1
160.4,30.7,2,1,0.262,1
92.5,20.2,3,0,0.175,0
210.1,44.5,2,1,-0.293,1
159.3,33.8,4,0,-0.035,1
107.0,22.0,3,1,0.195,0
20.0,3.9,1,1,-0.055,1
211.6,37.8,3,1,0.397,1
64.4,14.6,5,1,-0.133,1
54.2,15.5,4,1,-0.595,0
160.9,32.0,1,1,-0.572,1
217.6,47.6,5,1,-0.988,0
175.4,29.1,1,1,-0.398,0
142.6,24.0,6,1,0.498,0
143.8,30.2,3,0,0.588,1
154.1,30.4,5,1,-0.595,0
150.4,32.9,3,1,0.918,1
131.2,25.2,8,1,0.005,1
124.2,21.3,4,1,0.834,1
117.5,22.0,2,1,0.414,1
89.8,12.7,1,1,0.445,1
108.8,17.5,5,1,-0.83,0
52.3,13.0,2,1,-0.56,0
116.1,24.9,0,1,-0.982,0
80.5,16.6,3,1,0.432,1
75.9,9.4,7,1,-0.311,0
127.2,23.4,3,0,0.573,1
175.7,30.1,3,1,-0.322,1
156.7,33.7,4,1,0.639,0
57.2,9.2,3,0,-0.739,1
80.4,12.2,1,0,-0.653,0
157.6,30.4,4,1,-0.318,1
80.7,13.6,1,1,-0.183,0
111.0,25.8,3,0,-0.303,0
142.0,25.1,5,1,0.527,0
81.3,11.4,4,0,-0.806,0
124.2,17.4,4,1,-0.298,0
66.6,12.7,2,1,0.674,1
95.9,16.8,3,1,-0.866,0
132.8,21.3,4,1,0.885,1
56.3,14.4,5,1,0.973,1
137.6,28.5,7,0,-0.823,0
119.2,22.8,0,1,-0.417,0
142.1,31.4,3,1,-0.255,0
129.0,26.8,1,1,0.553,1
174.6,31.1,1,1,0.192,0
