song_id,danceability,energy,loudness,speechiness,acousticness,instrumentalness,liveness,valence,tempo,duration_min,track_number,server_latency_ms,filler_metric,popularity
TRK_001,0.543,0.682,-16.45,0.084,0.604,0.13,0.467,0.275,94.2,5.36,28,52.9,286.64,24.9
TRK_002,0.918,0.263,-4.46,0.126,0.138,0.379,0.064,0.276,107.3,4.63,7,42.3,426.69,45.9
TRK_003,0.776,0.321,-10.42,0.087,0.494,0.611,0.062,0.178,97.7,3.37,3,45.3,126.95,41.3
TRK_004,0.689,0.874,-5.6,0.054,0.52,0.513,0.228,0.702,110.5,3.18,23,32.2,254.96,56.6
TRK_005,0.401,0.655,-13.2,0.066,0.366,0.565,0.319,0.648,81.9,3.35,28,40.7,440.74,34.3
TRK_006,0.401,0.207,-4.57,0.195,0.629,0.461,0.474,0.506,126.9,4.76,14,45.9,261.56,28.8
TRK_007,0.338,0.276,-12.16,0.098,0.795,0.485,0.426,0.783,81.8,4.38,24,58.6,131.05,29.4
TRK_008,0.863,0.698,-17.84,0.158,0.787,0.594,0.295,0.754,155.0,2.81,10,37.1,317.01,41.8
TRK_009,0.691,0.204,-4.42,0.211,0.389,0.175,0.2,0.589,98.4,2.77,16,39.5,444.7,46.7
TRK_010,0.76,0.321,-16.63,0.282,0.105,0.343,0.598,0.801,129.0,2.52,16,54.4,336.11,42.4
TRK_011,0.313,0.612,-13.21,0.035,0.837,0.155,0.284,0.304,163.0,4.38,22,36.4,190.51,22.6
TRK_012,0.93,0.719,-3.75,0.324,0.715,0.691,0.298,0.234,140.1,4.72,10,56.4,253.7,49.1
TRK_013,0.841,0.689,-3.74,0.259,0.115,0.661,0.14,0.352,128.3,3.07,25,44.9,280.05,58.4
TRK_014,0.438,0.368,-9.4,0.051,0.784,0.028,0.487,0.193,107.4,2.27,13,48.0,331.71,33.9
TRK_015,0.418,0.734,-8.52,0.352,0.741,0.494,0.432,0.548,108.3,2.47,6,48.7,403.74,39.1
TRK_016,0.419,0.378,-11.27,0.37,0.446,0.648,0.171,0.852,141.9,5.39,12,38.8,139.55,37.4
TRK_017,0.498,0.444,-13.6,0.043,0.507,0.126,0.095,0.18,174.4,3.17,9,48.9,455.86,25.3
TRK_018,0.641,0.76,-13.07,0.125,0.345,0.398,0.424,0.242,141.2,4.74,13,37.3,104.92,38.1
TRK_019,0.581,0.687,-7.91,0.326,0.056,0.641,0.41,0.489,130.8,4.26,4,40.0,248.02,42.9
TRK_020,0.489,0.837,-6.71,0.304,0.292,0.024,0.2,0.85,148.1,3.46,24,50.6,110.97,47.5
TRK_021,0.698,0.693,-6.13,0.09,0.684,0.488,0.573,0.387,121.5,2.88,11,47.9,257.19,42.8
TRK_022,0.391,0.626,-6.16,0.1,0.014,0.208,0.133,0.53,81.0,2.6,20,44.3,310.33,50.4
TRK_023,0.49,0.27,-16.63,0.161,0.29,0.647,0.288,0.181,131.2,4.23,18,32.4,304.67,25.2
TRK_024,0.538,0.476,-10.58,0.204,0.344,0.68,0.569,0.261,170.8,4.76,26,34.9,166.25,34.1
TRK_025,0.596,0.399,-17.14,0.255,0.461,0.661,0.281,0.89,92.5,4.32,11,47.8,358.3,29.8
TRK_026,0.81,0.383,-9.76,0.16,0.783,0.332,0.401,0.874,144.0,3.95,25,52.3,117.91,40.5
TRK_027,0.43,0.93,-11.38,0.196,0.301,0.603,0.269,0.154,95.1,2.34,21,33.9,404.76,39.5
TRK_028,0.634,0.495,-4.68,0.304,0.301,0.591,0.201,0.864,128.6,5.4,4,36.6,478.66,48.6
TRK_029,0.685,0.869,-12.74,0.034,0.63,0.223,0.591,0.629,84.7,4.84,18,46.3,235.91,40.2
TRK_030,0.33,0.673,-16.24,0.116,0.39,0.58,0.275,0.801,120.0,3.17,1,46.1,306.9,36.3
TRK_031,0.695,0.796,-15.86,0.291,0.199,0.026,0.542,0.491,150.6,5.43,27,28.8,251.56,42.4
TRK_032,0.411,0.577,-6.58,0.36,0.39,0.417,0.176,0.537,109.8,4.19,7,46.6,102.68,34.8
TRK_033,0.342,0.633,-8.73,0.214,0.128,0.161,0.167,0.517,141.5,4.12,6,39.0,254.35,42.2
TRK_034,0.917,0.569,-16.48,0.222,0.158,0.084,0.067,0.65,154.5,4.67,15,61.4,416.69,52.1
TRK_035,0.928,0.346,-16.74,0.061,0.429,0.054,0.408,0.255,167.7,4.88,18,47.5,338.4,35.5
TRK_036,0.825,0.742,-7.49,0.19,0.362,0.487,0.253,0.172,98.5,4.37,24,49.2,140.5,50.0
TRK_037,0.498,0.411,-16.91,0.222,0.778,0.238,0.525,0.381,114.9,2.62,11,49.5,438.86,18.2
TRK_038,0.363,0.218,-5.67,0.112,0.314,0.507,0.31,0.679,90.2,3.32,20,32.9,312.43,36.0
TRK_039,0.745,0.684,-7.41,0.122,0.498,0.046,0.583,0.301,174.2,5.26,24,64.4,436.69,42.4
TRK_040,0.586,0.333,-16.78,0.163,0.541,0.221,0.152,0.655,167.7,2.94,15,28.8,332.09,29.3
TRK_041,0.379,0.905,-16.73,0.028,0.021,0.378,0.528,0.877,129.0,3.43,16,53.0,323.88,49.5
TRK_042,0.622,0.915,-3.2,0.142,0.567,0.554,0.477,0.22,159.2,3.63,7,51.2,142.1,51.8
TRK_043,0.322,0.886,-12.39,0.1,0.16,0.223,0.474,0.654,127.1,3.65,21,40.2,166.94,37.9
TRK_044,0.891,0.478,-12.44,0.144,0.817,0.438,0.515,0.483,137.4,4.22,10,51.7,488.81,33.3
TRK_045,0.468,0.212,-5.81,0.066,0.135,0.62,0.469,0.801,83.9,5.31,26,41.8,191.39,40.2
TRK_046,0.731,0.896,-3.79,0.358,0.358,0.431,0.394,0.283,150.5,2.99,12,38.2,490.98,54.9
TRK_047,0.503,0.521,-3.21,0.246,0.082,0.163,0.122,0.669,87.8,2.6,24,49.7,312.77,54.8
TRK_048,0.638,0.925,-6.7,0.278,0.847,0.017,0.068,0.779,157.6,2.85,14,34.9,154.32,49.4
TRK_049,0.655,0.923,-12.36,0.32,0.432,0.609,0.556,0.858,153.2,5.13,25,42.8,139.72,47.5
TRK_050,0.42,0.84,-16.75,0.209,0.51,0.015,0.389,0.662,145.9,4.33,5,39.1,183.55,37.8
TRK_051,0.93,0.421,-6.34,0.053,0.066,0.612,0.488,0.523,78.6,3.14,26,41.6,470.25,56.2
TRK_052,0.804,0.489,-9.62,0.224,0.64,0.37,0.315,0.613,105.3,4.89,21,49.3,265.66,37.4
TRK_053,0.911,0.838,-11.64,0.243,0.186,0.657,0.115,0.802,101.3,5.04,18,39.1,258.17,54.7
TRK_054,0.882,0.438,-4.4,0.303,0.764,0.559,0.119,0.578,111.0,4.99,5,43.1,225.28,42.0
TRK_055,0.689,0.327,-16.33,0.184,0.182,0.699,0.427,0.173,83.8,5.23,3,40.0,158.82,27.2
TRK_056,0.899,0.618,-10.61,0.068,0.17,0.245,0.287,0.848,168.7,3.03,23,59.4,295.14,58.1
TRK_057,0.358,0.902,-17.83,0.128,0.041,0.537,0.16,0.667,130.4,4.69,26,48.4,152.02,41.7
TRK_058,0.427,0.722,-10.97,0.158,0.407,0.281,0.32,0.657,105.6,3.72,5,47.2,434.19,41.4
TRK_059,0.329,0.628,-17.16,0.265,0.484,0.336,0.085,0.312,114.7,4.98,24,51.8,248.16,21.5
TRK_060,0.511,0.273,-16.22,0.237,0.065,0.439,0.37,0.644,119.7,4.6,17,39.1,249.92,26.5
TRK_061,0.553,0.661,-16.24,0.155,0.661,0.612,0.198,0.445,135.1,4.76,19,53.6,289.6,29.7
TRK_062,0.476,0.943,-8.26,0.395,0.391,0.689,0.489,0.638,126.6,4.37,19,48.5,277.65,40.8
TRK_063,0.839,0.305,-6.81,0.25,0.45,0.538,0.221,0.23,166.9,2.79,25,29.4,497.94,46.0
TRK_064,0.532,0.589,-9.25,0.11,0.38,0.292,0.3,0.643,124.7,4.0,21,30.7,318.15,41.3
TRK_065,0.483,0.858,-3.57,0.059,0.347,0.295,0.056,0.9,174.2,5.45,12,39.3,135.28,47.6
TRK_066,0.653,0.756,-12.38,0.078,0.48,0.516,0.09,0.186,160.1,5.29,25,31.8,342.75,35.8
TRK_067,0.392,0.723,-13.71,0.113,0.14,0.167,0.266,0.883,95.9,2.34,29,42.6,160.63,52.8
TRK_068,0.821,0.727,-4.97,0.081,0.163,0.077,0.314,0.455,168.1,2.74,9,34.9,112.38,62.2
TRK_069,0.348,0.47,-14.65,0.091,0.734,0.248,0.38,0.803,86.6,2.63,1,44.0,488.3,32.4
TRK_070,0.941,0.42,-3.55,0.128,0.805,0.201,0.21,0.737,156.7,4.6,18,59.1,409.42,42.6
TRK_071,0.802,0.807,-17.82,0.086,0.324,0.207,0.432,0.575,113.1,4.9,21,44.5,492.04,49.9
TRK_072,0.429,0.808,-3.45,0.361,0.237,0.164,0.523,0.704,162.8,2.9,4,42.0,291.15,49.3
TRK_073,0.304,0.85,-17.35,0.05,0.551,0.029,0.479,0.809,161.8,3.87,10,48.9,312.9,38.5
TRK_074,0.83,0.885,-4.63,0.219,0.353,0.013,0.072,0.453,155.6,4.97,25,38.0,167.33,52.3
TRK_075,0.759,0.584,-10.08,0.176,0.031,0.691,0.314,0.395,154.0,4.62,7,53.4,198.76,50.3
TRK_076,0.774,0.576,-3.11,0.393,0.141,0.299,0.108,0.651,105.5,3.99,22,50.0,435.42,58.6
TRK_077,0.801,0.799,-16.89,0.063,0.611,0.269,0.183,0.756,83.1,4.15,23,45.4,242.47,47.1
TRK_078,0.348,0.687,-9.69,0.171,0.563,0.476,0.593,0.722,115.3,3.88,1,46.5,430.73,39.8
TRK_079,0.533,0.726,-3.46,0.388,0.033,0.153,0.128,0.748,92.4,3.18,17,65.4,383.61,54.9
TRK_080,0.375,0.797,-10.15,0.349,0.196,0.665,0.324,0.477,144.5,4.06,24,54.4,170.87,38.2
TRK_081,0.861,0.868,-8.56,0.33,0.204,0.55,0.39,0.763,109.6,4.47,29,67.0,302.98,57.4
TRK_082,0.705,0.453,-7.56,0.118,0.574,0.063,0.436,0.24,172.6,5.08,29,50.3,370.95,33.9
TRK_083,0.515,0.482,-11.18,0.085,0.027,0.292,0.358,0.558,139.1,4.3,2,30.3,194.01,50.9
TRK_084,0.341,0.27,-8.59,0.274,0.097,0.615,0.055,0.154,157.2,4.71,28,42.4,432.28,23.9
TRK_085,0.502,0.634,-9.24,0.373,0.682,0.661,0.23,0.393,88.3,2.73,26,28.0,317.93,39.0
TRK_086,0.511,0.227,-4.48,0.232,0.16,0.327,0.335,0.425,161.2,3.72,11,50.3,166.1,41.2
TRK_087,0.774,0.549,-17.32,0.237,0.558,0.429,0.098,0.447,167.3,2.23,9,52.5,333.19,40.2
TRK_088,0.714,0.607,-13.79,0.126,0.21,0.117,0.243,0.672,123.7,3.01,7,36.1,499.89,54.0
TRK_089,0.877,0.415,-3.74,0.312,0.094,0.694,0.068,0.441,135.6,4.6,22,38.4,160.21,51.7
TRK_090,0.607,0.643,-4.65,0.091,0.214,0.162,0.093,0.487,151.5,5.47,17,46.5,426.7,43.8
TRK_091,0.378,0.223,-11.17,0.143,0.617,0.66,0.268,0.328,92.5,2.53,17,33.0,182.92,27.5
TRK_092,0.764,0.228,-8.7,0.182,0.729,0.455,0.123,0.43,125.3,3.52,2,32.3,412.96,34.2
TRK_093,0.795,0.817,-13.84,0.213,0.707,0.425,0.362,0.32,114.9,4.84,6,57.4,393.83,39.3
TRK_094,0.665,0.47,-15.18,0.112,0.344,0.359,0.429,0.205,89.6,2.87,14,46.1,220.2,39.8
TRK_095,0.801,0.295,-11.04,0.064,0.571,0.161,0.49,0.603,111.8,4.03,6,39.4,230.33,36.4
TRK_096,0.621,0.592,-12.7,0.252,0.182,0.124,0.16,0.651,81.8,4.62,2,28.1,417.01,46.2
TRK_097,0.64,0.777,-9.25,0.13,0.256,0.154,0.142,0.615,77.6,4.23,1,53.5,284.58,48.4
TRK_098,0.578,0.362,-16.83,0.241,0.763,0.131,0.108,0.498,88.5,2.82,10,38.2,392.33,29.1
TRK_099,0.317,0.667,-3.38,0.079,0.021,0.546,0.4,0.435,171.3,3.37,21,63.6,159.19,50.1
TRK_100,0.37,0.264,-3.21,0.203,0.082,0.245,0.439,0.798,130.0,4.79,5,53.6,441.02,42.1
TRK_101,0.32,0.239,-7.53,0.222,0.185,0.04,0.067,0.539,171.6,4.03,2,36.9,384.35,32.3
TRK_102,0.714,0.599,-9.96,0.04,0.032,0.678,0.565,0.509,118.2,2.22,22,37.8,462.78,53.6
TRK_103,0.504,0.605,-13.36,0.148,0.162,0.619,0.079,0.169,106.2,4.71,16,62.2,152.95,33.2
TRK_104,0.631,0.678,-5.79,0.071,0.5,0.649,0.348,0.406,125.6,2.32,25,44.2,337.21,54.7
TRK_105,0.89,0.745,-7.73,0.044,0.364,0.696,0.44,0.435,119.0,4.66,2,39.9,339.65,49.1
TRK_106,0.462,0.932,-15.56,0.396,0.76,0.122,0.529,0.449,85.6,2.87,10,45.3,241.38,31.2
TRK_107,0.567,0.587,-4.34,0.142,0.697,0.277,0.443,0.585,139.1,5.36,2,39.8,283.39,35.3
TRK_108,0.791,0.442,-5.66,0.328,0.297,0.531,0.491,0.55,96.6,3.41,16,47.4,115.19,49.0
TRK_109,0.449,0.796,-3.75,0.117,0.228,0.487,0.237,0.606,137.0,3.28,16,44.2,398.34,46.7
TRK_110,0.35,0.403,-7.11,0.279,0.329,0.108,0.498,0.724,140.0,2.69,19,53.8,319.73,34.8
TRK_111,0.488,0.529,-8.8,0.309,0.506,0.571,0.094,0.76,90.2,3.21,29,41.1,123.1,39.2
TRK_112,0.405,0.259,-11.73,0.246,0.235,0.157,0.542,0.689,81.1,5.09,7,36.2,372.3,25.4
TRK_113,0.904,0.219,-4.01,0.199,0.534,0.157,0.351,0.867,153.1,5.49,22,41.5,286.71,40.8
TRK_114,0.825,0.922,-5.01,0.176,0.354,0.376,0.5,0.164,121.0,3.42,12,41.4,113.78,50.1
TRK_115,0.712,0.827,-17.32,0.153,0.474,0.415,0.299,0.297,80.8,3.68,24,44.2,487.84,36.6
TRK_116,0.866,0.722,-17.6,0.373,0.376,0.406,0.404,0.156,174.5,4.58,15,51.3,479.64,39.2
TRK_117,0.822,0.507,-12.35,0.336,0.257,0.064,0.34,0.636,80.8,5.12,8,50.8,305.16,45.7
TRK_118,0.421,0.33,-5.84,0.387,0.807,0.614,0.452,0.824,144.5,4.16,6,57.0,137.47,37.0
TRK_119,0.88,0.317,-3.19,0.067,0.651,0.186,0.095,0.333,173.4,3.49,28,36.9,401.85,51.6
TRK_120,0.651,0.388,-15.74,0.298,0.128,0.091,0.083,0.845,98.9,3.56,27,48.9,296.77,44.7
TRK_121,0.825,0.612,-9.09,0.377,0.74,0.622,0.186,0.195,89.2,4.5,10,52.3,220.98,39.2
TRK_122,0.882,0.736,-12.29,0.089,0.419,0.669,0.138,0.851,87.1,2.21,3,38.3,296.57,58.4
TRK_123,0.507,0.695,-3.45,0.045,0.761,0.603,0.529,0.414,105.3,4.24,19,42.9,308.98,41.7
TRK_124,0.372,0.41,-5.37,0.302,0.682,0.567,0.171,0.226,85.1,3.37,17,27.5,325.08,35.2
TRK_125,0.448,0.916,-5.43,0.238,0.367,0.459,0.587,0.514,144.2,4.82,7,54.1,276.49,45.9
TRK_126,0.578,0.753,-10.97,0.34,0.029,0.386,0.235,0.343,81.2,2.51,21,42.8,342.3,52.3
TRK_127,0.832,0.616,-11.78,0.073,0.236,0.061,0.15,0.364,125.9,4.14,20,53.1,467.49,43.9
TRK_128,0.859,0.659,-13.9,0.322,0.465,0.286,0.484,0.38,174.7,3.79,26,47.1,244.91,39.8
TRK_129,0.305,0.515,-17.15,0.097,0.542,0.261,0.412,0.752,156.4,4.32,4,43.1,390.29,28.4
TRK_130,0.632,0.386,-5.03,0.082,0.227,0.182,0.324,0.554,136.5,2.41,14,29.1,457.78,50.6
TRK_131,0.571,0.467,-5.81,0.082,0.127,0.506,0.355,0.383,105.6,4.11,20,30.9,282.39,42.5
TRK_132,0.444,0.768,-3.0,0.33,0.711,0.347,0.446,0.608,137.4,4.05,22,19.1,277.38,49.2
TRK_133,0.378,0.211,-3.05,0.273,0.837,0.057,0.176,0.687,127.7,4.05,15,39.4,340.85,29.2
TRK_134,0.519,0.287,-9.67,0.219,0.452,0.154,0.598,0.354,117.6,4.19,24,67.8,336.56,28.7
TRK_135,0.913,0.235,-6.47,0.156,0.154,0.478,0.586,0.46,88.1,4.43,8,32.1,422.64,48.0
TRK_136,0.51,0.231,-3.83,0.353,0.239,0.053,0.408,0.241,163.7,4.86,21,18.7,290.59,32.6
TRK_137,0.637,0.842,-5.26,0.169,0.025,0.596,0.16,0.286,120.0,3.09,15,54.6,498.45,56.2
TRK_138,0.757,0.728,-14.29,0.33,0.778,0.347,0.424,0.661,94.5,4.92,22,68.6,123.79,30.7
TRK_139,0.536,0.556,-11.24,0.187,0.109,0.336,0.09,0.286,111.8,3.84,20,48.0,101.27,44.3
TRK_140,0.932,0.273,-16.06,0.163,0.494,0.415,0.067,0.544,116.4,2.45,28,47.9,356.08,46.4
TRK_141,0.926,0.569,-3.69,0.196,0.24,0.577,0.192,0.682,157.8,2.39,14,41.9,219.37,67.2
TRK_142,0.464,0.555,-8.91,0.135,0.476,0.243,0.304,0.23,148.4,3.3,27,27.1,196.15,36.6
TRK_143,0.623,0.33,-14.57,0.304,0.557,0.475,0.528,0.575,151.9,4.79,29,30.5,224.76,30.7
TRK_144,0.496,0.525,-7.92,0.211,0.707,0.396,0.45,0.342,76.1,4.54,9,41.8,202.42,27.5
TRK_145,0.485,0.499,-8.73,0.108,0.183,0.187,0.458,0.872,116.6,4.8,8,39.9,112.32,46.7
TRK_146,0.324,0.662,-12.63,0.362,0.019,0.615,0.284,0.513,123.1,3.91,26,43.8,488.61,38.3
TRK_147,0.696,0.676,-16.3,0.166,0.125,0.558,0.24,0.754,76.9,3.65,28,53.3,188.3,46.3
TRK_148,0.627,0.234,-7.93,0.227,0.766,0.461,0.254,0.563,101.0,2.69,26,39.2,393.61,37.8
TRK_149,0.333,0.481,-10.2,0.364,0.744,0.595,0.593,0.183,151.0,3.28,17,53.5,405.04,26.2
TRK_150,0.481,0.669,-6.42,0.257,0.512,0.607,0.072,0.625,88.7,3.63,2,39.2,471.7,42.3
TRK_151,0.89,0.577,-10.2,0.064,0.514,0.496,0.527,0.864,128.5,2.49,25,55.4,112.22,56.8
TRK_152,0.456,0.842,-5.22,0.377,0.569,0.586,0.368,0.601,96.5,2.93,24,45.9,448.82,41.4
TRK_153,0.394,0.694,-9.72,0.259,0.157,0.488,0.291,0.764,76.2,4.17,3,40.6,310.89,47.7
TRK_154,0.618,0.322,-9.59,0.147,0.778,0.476,0.449,0.813,99.1,4.63,8,45.7,353.02,30.5
TRK_155,0.941,0.253,-4.85,0.073,0.362,0.433,0.318,0.321,172.6,5.49,12,42.1,357.79,40.7
TRK_156,0.457,0.682,-11.95,0.322,0.332,0.527,0.53,0.309,155.2,5.28,1,46.1,427.92,31.7
TRK_157,0.737,0.22,-15.99,0.256,0.446,0.111,0.545,0.608,171.0,4.32,10,52.6,233.36,35.7
TRK_158,0.795,0.639,-17.57,0.223,0.049,0.617,0.282,0.458,123.8,3.59,20,44.1,393.22,49.8
TRK_159,0.454,0.905,-6.67,0.36,0.15,0.61,0.202,0.78,86.0,4.3,3,41.3,311.43,50.1
TRK_160,0.773,0.632,-8.7,0.32,0.63,0.02,0.376,0.825,129.8,4.79,6,33.8,417.36,46.7
TRK_161,0.539,0.491,-7.44,0.078,0.08,0.578,0.552,0.415,120.4,2.59,7,50.8,496.22,42.0
TRK_162,0.711,0.682,-14.81,0.138,0.517,0.09,0.166,0.328,159.4,3.55,20,48.5,180.26,36.6
TRK_163,0.712,0.544,-15.95,0.114,0.216,0.235,0.393,0.735,84.8,4.97,23,33.2,497.86,39.4
TRK_164,0.648,0.609,-17.78,0.303,0.337,0.52,0.397,0.356,123.8,3.47,25,53.4,135.92,39.9
TRK_165,0.359,0.906,-12.74,0.033,0.253,0.113,0.453,0.767,90.0,4.09,27,33.0,100.93,47.2
TRK_166,0.843,0.49,-9.15,0.237,0.309,0.573,0.122,0.468,107.5,4.14,18,55.3,117.66,46.5
TRK_167,0.509,0.921,-12.12,0.31,0.614,0.582,0.444,0.651,148.7,2.81,11,51.9,236.71,44.1
TRK_168,0.421,0.879,-11.44,0.353,0.26,0.355,0.55,0.222,122.6,3.4,19,49.2,353.16,44.4
TRK_169,0.327,0.347,-4.44,0.15,0.486,0.004,0.149,0.618,112.6,3.3,5,41.2,127.61,35.6
TRK_170,0.684,0.252,-12.78,0.332,0.41,0.201,0.181,0.489,114.4,2.29,19,50.8,102.27,32.5
TRK_171,0.74,0.276,-10.29,0.062,0.567,0.432,0.584,0.59,120.9,2.28,11,55.8,474.84,46.3
TRK_172,0.311,0.214,-6.25,0.342,0.797,0.687,0.15,0.276,153.5,4.94,24,50.9,428.77,17.8
TRK_173,0.633,0.271,-12.05,0.068,0.625,0.442,0.52,0.703,164.2,3.1,12,38.3,423.67,40.0
TRK_174,0.447,0.712,-8.67,0.171,0.191,0.182,0.321,0.797,170.5,3.91,10,47.7,453.77,47.1
TRK_175,0.719,0.253,-5.06,0.323,0.036,0.444,0.186,0.313,153.7,3.19,8,56.3,380.01,42.6
TRK_176,0.413,0.439,-3.76,0.077,0.23,0.378,0.529,0.222,106.5,5.3,24,67.0,141.76,36.8
TRK_177,0.749,0.834,-15.79,0.107,0.51,0.546,0.295,0.168,143.8,3.06,28,42.9,259.64,41.8
TRK_178,0.551,0.217,-4.1,0.294,0.053,0.075,0.333,0.631,118.8,3.62,28,53.6,389.26,44.9
TRK_179,0.909,0.811,-10.62,0.294,0.427,0.533,0.248,0.605,100.5,5.08,9,56.3,212.13,54.7
TRK_180,0.389,0.411,-14.13,0.264,0.511,0.379,0.376,0.56,159.1,4.98,4,36.9,374.96,21.0
TRK_181,0.522,0.289,-11.11,0.284,0.291,0.674,0.14,0.324,78.8,2.81,5,62.8,109.8,35.0
TRK_182,0.374,0.723,-3.3,0.226,0.658,0.239,0.265,0.443,165.2,4.85,21,34.3,222.45,32.9
TRK_183,0.901,0.672,-10.61,0.116,0.1,0.443,0.583,0.596,121.1,3.71,8,53.1,319.65,47.3
TRK_184,0.87,0.858,-13.07,0.151,0.073,0.652,0.192,0.523,138.7,3.79,23,48.1,352.84,55.8
TRK_185,0.468,0.751,-8.5,0.089,0.622,0.072,0.411,0.891,140.9,2.64,9,45.6,330.82,47.4
TRK_186,0.729,0.803,-14.4,0.365,0.426,0.656,0.229,0.252,164.5,2.47,15,70.5,379.1,45.2
TRK_187,0.831,0.412,-16.86,0.242,0.588,0.482,0.475,0.671,138.7,4.6,15,42.0,102.44,34.2
TRK_188,0.661,0.333,-16.07,0.172,0.375,0.047,0.122,0.453,136.4,3.84,16,41.8,140.38,27.9
TRK_189,0.644,0.763,-16.08,0.196,0.217,0.211,0.583,0.471,81.7,3.64,14,58.3,447.58,40.4
TRK_190,0.457,0.805,-15.72,0.38,0.698,0.496,0.3,0.688,126.8,4.61,8,52.6,372.7,35.4
TRK_191,0.361,0.943,-15.92,0.078,0.682,0.047,0.18,0.669,90.0,4.73,18,57.8,145.17,30.5
TRK_192,0.883,0.509,-8.39,0.243,0.594,0.408,0.09,0.893,148.7,2.72,10,46.2,436.83,57.7
TRK_193,0.885,0.479,-15.27,0.212,0.239,0.242,0.143,0.246,126.2,4.21,28,48.2,196.89,43.9
TRK_194,0.712,0.782,-12.81,0.252,0.506,0.435,0.336,0.228,143.0,2.65,20,64.0,291.3,41.5
TRK_195,0.52,0.456,-4.55,0.027,0.313,0.032,0.235,0.693,79.2,4.68,6,36.6,158.08,41.7
TRK_196,0.527,0.898,-10.89,0.351,0.087,0.61,0.506,0.584,83.5,4.37,12,44.0,384.04,50.6
TRK_197,0.772,0.844,-7.99,0.374,0.781,0.681,0.287,0.356,146.6,5.36,2,53.0,366.74,37.7
TRK_198,0.883,0.522,-15.42,0.235,0.125,0.678,0.187,0.21,82.2,2.43,7,43.0,184.44,41.0
TRK_199,0.877,0.763,-15.12,0.285,0.808,0.525,0.389,0.214,82.1,2.39,16,39.3,445.36,42.2
TRK_200,0.807,0.766,-17.39,0.371,0.385,0.091,0.439,0.821,76.2,3.13,3,51.2,260.52,49.1
