song_id,tempo,danceability,energy,loudness,valence,is_hit
TRACK_001,112.5,0.825,0.908,-10.95,0.654,1
TRACK_002,170.1,0.882,0.918,-7.64,0.707,1
TRACK_003,148.2,0.507,0.89,-10.04,0.514,0
TRACK_004,134.9,0.372,0.509,-8.91,0.652,0
TRACK_005,90.6,0.448,0.261,-3.76,0.617,0
TRACK_006,90.6,0.578,0.9,-10.98,0.871,0
TRACK_007,80.8,0.832,0.55,-3.5,0.186,1
TRACK_008,161.6,0.859,0.927,-4.23,0.375,1
TRACK_009,135.1,0.305,0.925,-13.45,0.91,0
TRACK_010,145.8,0.632,0.847,-15.1,0.862,0
TRACK_011,77.1,0.571,0.456,-14.69,0.515,0
TRACK_012,172.0,0.444,0.52,-15.76,0.646,0
TRACK_013,158.2,0.378,0.846,-14.77,0.372,0
TRACK_014,96.2,0.519,0.472,-7.12,0.3,0
TRACK_015,93.2,0.913,0.369,-15.07,0.521,0
TRACK_016,93.3,0.51,0.64,-11.85,0.433,0
TRACK_017,105.4,0.637,0.905,-5.02,0.617,1
TRACK_018,127.5,0.757,0.737,-15.7,0.212,0
TRACK_019,118.2,0.536,0.649,-5.41,0.93,0
TRACK_020,104.1,0.932,0.318,-12.34,0.939,1
TRACK_021,136.2,0.926,0.681,-14.46,0.709,1
TRACK_022,88.9,0.464,0.943,-6.94,0.579,1
TRACK_023,104.2,0.623,0.348,-7.82,0.398,0
TRACK_024,111.6,0.496,0.613,-4.59,0.801,1
TRACK_025,120.6,0.485,0.864,-6.44,0.698,1
TRACK_026,153.5,0.324,0.769,-5.55,0.28,0
TRACK_027,95.0,0.696,0.738,-12.33,0.879,1
TRACK_028,126.4,0.627,0.742,-13.69,0.808,0
TRACK_029,134.2,0.333,0.502,-6.24,0.91,0
TRACK_030,79.6,0.481,0.456,-5.51,0.731,0
TRACK_031,135.8,0.89,0.817,-3.12,0.641,1
TRACK_032,92.1,0.456,0.817,-10.64,0.485,0
TRACK_033,81.5,0.394,0.857,-11.16,0.896,0
TRACK_034,169.9,0.618,0.889,-5.91,0.843,1
TRACK_035,171.6,0.941,0.608,-11.57,0.186,1
TRACK_036,155.8,0.457,0.601,-3.9,0.171,0
TRACK_037,105.5,0.737,0.809,-4.84,0.451,1
TRACK_038,84.8,0.795,0.705,-10.42,0.798,1
TRACK_039,143.4,0.454,0.741,-6.24,0.94,1
TRACK_040,119.0,0.773,0.807,-6.19,0.27,1
TRACK_041,87.2,0.539,0.873,-14.66,0.625,0
TRACK_042,124.5,0.711,0.487,-4.27,0.455,1
TRACK_043,78.4,0.712,0.513,-9.43,0.926,0
TRACK_044,165.9,0.648,0.316,-5.26,0.824,0
TRACK_045,100.9,0.359,0.655,-11.84,0.821,0
TRACK_046,141.3,0.843,0.275,-4.36,0.525,0
TRACK_047,106.2,0.509,0.576,-10.94,0.482,0
TRACK_048,127.0,0.421,0.63,-15.86,0.369,0
TRACK_049,129.7,0.327,0.451,-4.23,0.195,0
TRACK_050,93.5,0.684,0.664,-14.81,0.842,0
TRACK_051,172.0,0.74,0.271,-11.85,0.8,0
TRACK_052,152.5,0.311,0.276,-3.65,0.95,0
TRACK_053,168.9,0.633,0.826,-3.64,0.947,1
TRACK_054,164.5,0.447,0.502,-8.55,0.594,0
TRACK_055,134.8,0.719,0.339,-7.79,0.765,0
TRACK_056,167.2,0.413,0.616,-10.17,0.906,0
TRACK_057,83.8,0.749,0.789,-12.19,0.83,1
TRACK_058,94.6,0.551,0.401,-11.73,0.348,0
TRACK_059,79.5,0.909,0.686,-7.26,0.51,1
TRACK_060,107.5,0.389,0.31,-6.22,0.253,0
TRACK_061,113.9,0.522,0.286,-5.71,0.913,0
TRACK_062,102.1,0.374,0.622,-5.73,0.635,0
TRACK_063,157.9,0.901,0.628,-14.81,0.333,0
TRACK_064,110.7,0.87,0.696,-9.57,0.687,1
TRACK_065,103.1,0.468,0.758,-15.25,0.645,0
TRACK_066,129.3,0.729,0.933,-8.86,0.437,1
TRACK_067,89.1,0.831,0.611,-10.26,0.241,0
TRACK_068,155.2,0.661,0.476,-4.46,0.687,1
TRACK_069,82.5,0.644,0.807,-11.44,0.566,0
TRACK_070,173.7,0.457,0.44,-14.48,0.768,0
TRACK_071,152.2,0.361,0.557,-14.14,0.566,0
TRACK_072,94.9,0.883,0.305,-6.1,0.832,0
TRACK_073,75.6,0.885,0.268,-7.96,0.592,0
TRACK_074,156.5,0.712,0.924,-14.69,0.599,1
TRACK_075,145.7,0.52,0.835,-14.91,0.851,0
TRACK_076,147.9,0.527,0.737,-6.89,0.473,0
TRACK_077,152.1,0.772,0.536,-15.05,0.257,0
TRACK_078,82.4,0.883,0.371,-5.32,0.173,0
TRACK_079,110.8,0.877,0.36,-6.82,0.754,1
TRACK_080,86.6,0.807,0.425,-14.94,0.646,0
TRACK_081,161.3,0.717,0.634,-14.9,0.713,0
TRACK_082,137.3,0.355,0.75,-3.17,0.32,0
TRACK_083,108.1,0.405,0.712,-11.13,0.259,0
TRACK_084,81.4,0.884,0.446,-11.18,0.162,0
TRACK_085,106.1,0.694,0.918,-5.43,0.43,1
TRACK_086,107.5,0.306,0.767,-3.69,0.622,0
TRACK_087,148.0,0.366,0.638,-3.18,0.464,0
TRACK_088,138.8,0.731,0.678,-6.21,0.5,1
TRACK_089,163.7,0.303,0.544,-11.11,0.873,0
TRACK_090,122.2,0.405,0.423,-14.91,0.429,0
TRACK_091,87.0,0.657,0.499,-5.9,0.561,0
TRACK_092,146.3,0.75,0.78,-8.74,0.777,1
TRACK_093,151.1,0.724,0.26,-10.49,0.467,0
TRACK_094,131.1,0.446,0.331,-4.22,0.648,0
TRACK_095,152.1,0.763,0.282,-14.55,0.84,0
TRACK_096,124.4,0.454,0.279,-9.6,0.91,0
TRACK_097,127.3,0.512,0.849,-15.85,0.268,0
TRACK_098,117.8,0.785,0.743,-9.91,0.891,1
TRACK_099,77.5,0.722,0.582,-15.27,0.544,0
TRACK_100,85.8,0.852,0.318,-14.46,0.357,0
TRACK_101,78.1,0.727,0.594,-14.47,0.517,0
TRACK_102,138.6,0.669,0.581,-7.56,0.934,1
TRACK_103,106.4,0.361,0.371,-6.3,0.544,0
TRACK_104,125.9,0.539,0.554,-8.42,0.413,0
TRACK_105,165.8,0.472,0.529,-3.49,0.657,1
TRACK_106,99.9,0.459,0.681,-11.13,0.342,0
TRACK_107,116.0,0.932,0.695,-12.29,0.211,1
TRACK_108,150.6,0.556,0.282,-4.71,0.253,0
TRACK_109,97.9,0.88,0.512,-13.09,0.252,0
TRACK_110,82.7,0.71,0.688,-3.48,0.272,1
TRACK_111,104.0,0.817,0.602,-15.84,0.261,0
TRACK_112,91.1,0.627,0.85,-3.39,0.663,1
TRACK_113,168.0,0.675,0.711,-15.44,0.296,0
TRACK_114,155.8,0.62,0.364,-4.42,0.427,0
TRACK_115,138.3,0.427,0.299,-9.14,0.867,0
TRACK_116,162.1,0.77,0.7,-3.09,0.529,1
TRACK_117,155.4,0.483,0.269,-15.04,0.684,0
TRACK_118,93.7,0.316,0.66,-8.8,0.288,0
TRACK_119,164.3,0.72,0.908,-3.4,0.304,1
TRACK_120,128.9,0.415,0.653,-9.2,0.183,0
