restaurant_id,cost_for_two,food_quality_score,rating_class
ZOM_001,353.0,4.52,Good
ZOM_002,1760.0,2.39,Bad
ZOM_003,1077.0,2.93,Bad
ZOM_004,1647.0,3.39,Bad
ZOM_005,2156.0,4.23,Good
ZOM_006,1277.0,3.46,Good
ZOM_007,1202.0,2.41,Bad
ZOM_008,344.0,3.03,Bad
ZOM_009,737.0,2.97,Bad
ZOM_010,1200.0,2.9,Bad
ZOM_011,1558.0,2.5,Bad
ZOM_012,1807.0,3.24,Bad
ZOM_013,962.0,3.34,Good
ZOM_014,332.0,4.32,Good
ZOM_015,776.0,4.39,Good
ZOM_016,2019.0,3.57,Bad
ZOM_017,627.0,3.38,Bad
ZOM_018,1104.0,4.33,Good
ZOM_019,2062.0,4.66,Good
ZOM_020,250.0,4.02,Good
ZOM_021,1401.0,4.4,Good
ZOM_022,2100.0,4.82,Good
ZOM_023,661.0,2.12,Bad
ZOM_024,1297.0,4.63,Good
ZOM_025,2018.0,2.83,Bad
ZOM_026,466.0,3.43,Good
ZOM_027,1247.0,4.39,Good
ZOM_028,1701.0,4.15,Good
ZOM_029,1538.0,2.44,Bad
ZOM_030,1136.0,3.98,Good
ZOM_031,610.0,2.21,Bad
ZOM_032,1182.0,3.07,Bad
ZOM_033,945.0,4.44,Good
ZOM_034,1155.0,3.28,Bad
ZOM_035,932.0,3.8,Good
ZOM_036,1876.0,4.18,Bad
ZOM_037,1737.0,4.46,Good
ZOM_038,828.0,4.28,Good
ZOM_039,1345.0,2.02,Bad
ZOM_040,752.0,3.26,Good
ZOM_041,1106.0,3.39,Good
ZOM_042,906.0,2.17,Bad
ZOM_043,1515.0,3.62,Bad
ZOM_044,941.0,3.82,Good
ZOM_045,1118.0,4.49,Good
ZOM_046,1639.0,4.83,Good
ZOM_047,1026.0,2.38,Bad
ZOM_048,2013.0,2.69,Bad
ZOM_049,561.0,3.98,Good
ZOM_050,1682.0,2.4,Bad
ZOM_051,1045.0,2.67,Bad
ZOM_052,1053.0,3.72,Good
ZOM_053,1469.0,2.51,Bad
ZOM_054,1246.0,4.35,Good
ZOM_055,1030.0,4.57,Good
ZOM_056,203.0,2.1,Bad
ZOM_057,385.0,3.6,Good
ZOM_058,1619.0,4.39,Good
ZOM_059,1249.0,4.93,Good
ZOM_060,1592.0,2.82,Bad
ZOM_061,2111.0,2.51,Bad
ZOM_062,1566.0,4.63,Good
ZOM_063,306.0,4.73,Good
ZOM_064,818.0,2.59,Bad
ZOM_065,1385.0,3.32,Bad
ZOM_066,670.0,4.16,Good
ZOM_067,2130.0,4.54,Good
ZOM_068,2090.0,2.5,Bad
ZOM_069,1897.0,3.99,Good
ZOM_070,1145.0,4.42,Good
