restaurant_id,food_quality,service_score,ambience_score,hygiene_rating,votes_count,average_cost_for_two,has_online_delivery,has_table_booking,cuisines_count,distance_city_center_km,postal_code_suffix,day_opened_in_month,staff_uniform_code,menu_page_count,rating
ZOM_0001,3.55,1.9,3.9,3.7,1839,1413,0,0,6,9.62,27,21,5,17,4.03
ZOM_0002,3.71,3.69,3.05,4.69,1414,283,1,1,7,21.64,30,25,8,17,4.66
ZOM_0003,2.09,2.88,3.67,4.6,2258,1879,0,0,7,3.54,13,12,2,7,4.29
ZOM_0004,2.51,3.41,4.42,4.17,4389,458,1,0,6,10.28,37,25,8,11,4.46
ZOM_0005,4.06,1.88,4.87,2.77,1712,2475,1,1,3,10.65,59,4,6,5,4.39
ZOM_0006,4.5,2.8,3.87,4.99,1228,1319,0,1,2,21.72,26,21,1,9,4.85
ZOM_0007,2.92,4.54,2.21,4.71,2396,1997,1,1,8,13.95,83,23,2,11,4.8
ZOM_0008,4.68,3.1,3.25,3.41,62,655,1,0,7,13.42,41,7,9,14,4.68
ZOM_0009,4.16,3.64,2.8,3.33,2447,1045,1,0,1,14.69,11,17,3,13,4.42
ZOM_0010,2.57,4.01,4.33,4.5,3470,441,0,0,5,18.76,91,15,1,16,4.39
ZOM_0011,3.66,4.56,4.41,2.65,3318,911,0,0,6,18.29,32,2,3,13,4.76
ZOM_0012,3.06,4.47,3.8,4.94,621,744,0,1,6,15.5,33,12,1,16,4.71
ZOM_0013,2.55,4.26,3.37,4.31,2083,2338,1,0,8,20.02,61,27,2,13,4.3
ZOM_0014,4.36,2.72,2.46,2.56,3702,735,0,0,3,10.8,96,12,8,11,4.16
ZOM_0015,4.9,2.78,3.03,3.99,2754,2224,1,0,1,19.17,97,10,7,17,4.84
ZOM_0016,2.7,4.44,3.5,2.92,2173,1272,1,0,1,7.42,91,25,4,7,4.27
ZOM_0017,2.25,3.63,3.7,4.9,1791,2153,1,1,3,13.67,36,1,2,17,4.35
ZOM_0018,3.81,2.59,2.11,4.69,499,2361,1,0,6,5.67,52,10,4,4,4.34
ZOM_0019,4.19,1.84,3.97,4.17,3725,2991,1,1,6,2.08,49,11,4,17,4.64
ZOM_0020,2.83,2.87,2.89,2.87,2295,1961,0,0,4,9.47,72,24,7,11,3.64
ZOM_0021,4.06,3.06,3.79,3.08,3096,1837,1,0,4,3.03,74,4,2,5,4.82
ZOM_0022,3.55,4.36,3.82,2.6,1800,1493,1,0,2,16.58,66,15,5,2,4.39
ZOM_0023,2.15,4.67,3.43,4.66,3307,1461,1,1,6,21.32,85,10,5,3,4.38
ZOM_0024,2.41,4.22,3.99,3.5,3550,1960,1,0,3,15.48,90,13,7,9,4.31
ZOM_0025,2.56,3.94,3.78,4.05,1343,1277,1,0,8,16.1,20,28,2,15,4.15
ZOM_0026,4.98,4.44,4.48,3.88,1198,2077,1,1,1,7.21,12,25,4,15,4.9
ZOM_0027,3.56,2.0,3.0,2.84,1121,2612,1,1,4,3.98,39,2,6,9,4.24
ZOM_0028,3.74,4.3,2.85,2.62,1053,2725,1,1,8,7.53,12,5,9,2,4.4
ZOM_0029,4.2,2.01,2.86,4.06,3373,2189,1,0,6,3.19,36,7,4,9,4.45
ZOM_0030,3.63,2.22,3.36,4.47,3274,358,1,0,7,21.44,20,25,5,7,4.55
ZOM_0031,4.74,4.13,4.72,3.0,2957,1052,1,1,8,1.8,60,28,6,10,4.9
ZOM_0032,4.42,2.6,2.62,3.3,4405,270,1,1,1,20.69,96,7,4,16,4.59
ZOM_0033,3.21,3.55,4.91,4.44,2028,1923,1,0,8,16.07,93,13,4,9,4.72
ZOM_0034,3.07,1.84,2.43,4.03,4219,358,1,0,7,16.03,31,2,6,4,3.98
ZOM_0035,4.86,2.03,3.52,3.6,4470,2712,1,1,7,11.39,71,16,2,17,4.9
ZOM_0036,3.03,2.24,3.68,4.76,134,290,1,0,2,15.32,90,14,7,6,4.21
ZOM_0037,4.6,2.89,2.32,4.49,1552,565,1,1,1,10.12,30,14,2,9,4.9
ZOM_0038,4.49,3.65,2.42,3.4,2685,2386,1,0,4,7.0,12,15,3,17,4.6
ZOM_0039,3.61,2.46,3.82,3.2,1761,982,1,0,3,5.6,94,7,3,2,4.06
ZOM_0040,4.77,4.76,4.3,3.83,1223,2669,1,1,6,12.83,26,19,5,13,4.9
ZOM_0041,2.29,2.62,2.77,3.59,2640,1384,1,1,3,11.49,65,18,8,9,3.97
ZOM_0042,2.31,4.02,2.15,3.86,55,724,0,0,7,15.54,71,6,7,15,3.74
ZOM_0043,4.1,4.23,2.64,2.88,3971,2580,1,0,4,2.07,51,18,5,17,4.9
ZOM_0044,4.67,4.99,2.89,2.61,1656,706,1,0,2,11.46,36,21,7,6,4.9
ZOM_0045,2.48,4.32,2.82,4.72,846,1057,1,0,5,10.49,76,10,3,8,4.44
ZOM_0046,2.83,2.96,2.34,4.89,3959,1681,1,1,6,19.19,13,19,1,16,4.45
ZOM_0047,4.02,2.87,4.59,3.27,2385,2079,1,1,3,6.6,32,23,5,13,4.68
ZOM_0048,2.49,4.18,2.02,2.84,3674,674,0,1,1,21.24,30,27,1,3,3.84
ZOM_0049,4.1,2.83,4.03,3.05,169,645,1,0,8,16.7,77,8,1,10,4.42
ZOM_0050,3.46,3.02,3.99,4.54,3027,1358,1,0,6,3.66,36,1,8,17,4.73
ZOM_0051,4.04,4.02,2.74,4.37,3382,1761,1,1,2,3.25,81,4,7,6,4.9
ZOM_0052,3.56,3.07,2.3,2.64,1535,1298,1,1,2,8.71,54,10,6,5,4.2
ZOM_0053,2.13,2.18,3.21,3.7,1670,2444,1,0,5,16.63,27,8,7,7,3.83
ZOM_0054,2.67,3.63,2.27,2.64,3708,1183,1,0,5,13.36,82,10,5,17,3.88
ZOM_0055,3.73,2.38,2.05,2.59,3270,1682,1,1,4,9.86,92,27,9,8,3.87
ZOM_0056,2.36,3.3,4.89,4.56,2269,2250,1,0,3,16.42,59,10,3,15,4.47
ZOM_0057,3.5,4.8,2.05,2.78,1810,658,1,1,2,2.59,47,8,5,8,4.55
ZOM_0058,2.41,3.22,2.05,2.61,4040,1263,1,0,4,3.97,17,21,3,6,3.76
ZOM_0059,2.16,3.82,2.28,3.51,615,2835,1,1,6,1.6,48,7,7,15,3.97
ZOM_0060,2.53,2.71,4.11,4.59,2213,2047,0,1,1,8.75,19,29,9,15,4.16
ZOM_0061,3.33,3.75,4.58,4.68,156,317,1,0,8,2.64,88,23,9,7,4.89
ZOM_0062,4.63,3.99,4.6,2.91,3402,2019,1,0,2,3.49,64,29,6,3,4.9
ZOM_0063,4.85,4.43,2.18,3.8,2390,2974,1,1,5,21.62,29,24,1,2,4.9
ZOM_0064,3.43,2.8,3.79,4.15,1098,1966,0,0,3,13.29,74,9,5,7,4.16
ZOM_0065,3.38,2.7,3.66,3.02,2409,266,1,0,4,3.32,64,27,8,10,4.29
ZOM_0066,3.91,2.75,4.42,2.9,3192,1857,0,0,3,18.7,79,27,8,5,4.4
ZOM_0067,2.97,3.23,4.27,4.46,1924,2411,0,0,8,10.43,34,3,7,2,4.29
ZOM_0068,2.35,3.69,3.19,3.04,3304,1102,1,1,3,13.11,96,5,9,3,4.27
ZOM_0069,2.15,4.63,3.45,3.15,2166,2581,1,1,3,6.13,46,30,1,10,4.3
ZOM_0070,3.91,4.99,2.81,2.69,3229,2855,1,0,4,7.42,49,23,1,3,4.9
ZOM_0071,4.44,3.0,3.85,4.21,2515,1037,1,1,1,3.38,43,8,3,10,4.9
ZOM_0072,4.01,2.12,3.94,3.59,3919,392,1,0,6,14.8,53,22,8,12,4.45
ZOM_0073,3.96,4.43,3.44,3.67,1956,1552,1,1,2,10.42,88,2,4,14,4.9
ZOM_0074,3.27,3.47,4.77,3.27,2545,987,1,0,2,16.84,53,19,1,6,4.5
ZOM_0075,3.97,4.14,4.08,4.67,1599,2493,1,1,8,17.38,26,16,6,12,4.9
ZOM_0076,2.63,3.83,4.31,2.81,1994,1656,1,0,2,10.03,22,9,1,14,4.33
ZOM_0077,3.98,3.88,2.92,4.5,2205,2371,1,0,7,19.2,94,6,8,13,4.78
ZOM_0078,3.59,4.66,4.12,4.65,3245,1231,1,0,8,1.37,70,3,9,3,4.9
ZOM_0079,4.25,3.5,2.76,4.83,4163,1205,1,0,7,3.41,28,22,3,2,4.9
ZOM_0080,2.28,2.42,4.94,3.81,319,2369,1,0,4,13.16,49,30,6,11,4.02
ZOM_0081,4.35,2.19,2.94,3.0,1866,2054,0,0,2,0.85,14,20,9,3,4.18
ZOM_0082,4.06,4.92,4.18,4.71,2430,2119,0,0,4,9.43,28,28,4,8,4.9
ZOM_0083,4.09,2.54,2.03,4.04,2226,1660,0,1,3,2.61,85,5,2,17,4.63
ZOM_0084,3.49,2.52,2.57,2.87,3829,1152,0,0,1,8.34,98,1,9,16,3.76
ZOM_0085,4.93,3.92,2.11,3.46,2463,789,1,0,4,2.94,12,3,2,15,4.84
ZOM_0086,2.61,3.33,2.9,3.59,757,2475,1,0,1,15.6,15,18,6,6,4.0
ZOM_0087,2.9,4.08,2.75,3.49,3665,1777,1,0,5,12.76,21,22,7,3,4.34
ZOM_0088,2.68,4.06,2.17,4.69,2260,2878,1,0,3,17.8,53,3,6,2,4.35
ZOM_0089,2.14,3.4,3.49,3.31,4339,2705,1,0,6,13.88,62,24,7,12,4.12
ZOM_0090,4.71,2.21,2.51,2.67,126,2244,1,0,2,15.11,54,10,2,9,4.15
ZOM_0091,2.24,4.64,4.7,4.92,1064,291,1,0,7,16.85,46,2,3,2,4.46
ZOM_0092,3.82,2.47,4.52,2.56,2594,715,0,1,3,7.59,94,14,6,6,4.12
ZOM_0093,3.89,3.18,4.49,2.64,2570,2034,1,0,1,12.74,43,7,6,6,4.55
ZOM_0094,3.13,4.72,3.45,3.27,2708,1386,1,0,4,1.75,14,11,9,10,4.82
ZOM_0095,2.04,4.8,4.71,4.03,4459,2497,1,1,5,10.35,69,24,4,4,4.72
ZOM_0096,4.53,3.65,2.71,5.0,1190,1810,1,0,2,10.84,89,17,2,10,4.9
ZOM_0097,3.15,4.56,2.89,4.72,887,697,1,1,2,16.29,56,8,7,5,4.72
ZOM_0098,3.65,3.99,3.0,3.01,4341,843,1,0,7,10.05,30,5,9,6,4.46
ZOM_0099,4.13,3.33,4.63,4.88,3202,1253,1,0,2,12.66,95,12,5,6,4.9
ZOM_0100,4.03,3.22,2.8,3.47,4457,946,1,0,3,3.7,32,27,5,13,4.77
ZOM_0101,4.08,2.18,3.42,3.83,2696,1783,1,0,8,2.74,58,18,6,12,4.41
ZOM_0102,3.03,3.21,3.69,3.94,4440,2561,1,1,3,4.04,63,23,9,16,4.58
ZOM_0103,3.24,3.19,3.4,4.01,2513,2979,1,1,6,1.26,43,14,1,6,4.67
ZOM_0104,2.72,3.31,4.13,4.9,436,1930,1,1,6,16.84,28,30,1,16,4.47
ZOM_0105,4.91,2.77,3.13,4.67,1577,1700,0,1,6,16.55,49,25,3,7,4.9
ZOM_0106,2.87,4.65,3.86,4.19,2057,2309,1,1,4,3.04,28,3,6,16,4.72
ZOM_0107,2.44,1.83,4.26,4.52,357,2707,1,0,6,17.55,56,28,8,4,3.96
ZOM_0108,2.39,2.1,4.75,4.05,3487,1423,1,1,4,15.67,31,15,2,10,4.26
ZOM_0109,4.83,3.94,2.77,3.29,2061,2835,1,1,1,13.14,32,15,6,2,4.87
ZOM_0110,3.05,3.11,2.31,2.52,3296,2927,0,0,5,6.73,94,20,2,5,3.97
ZOM_0111,4.2,4.51,4.99,3.59,141,2535,1,1,7,2.34,60,6,4,17,4.9
ZOM_0112,4.74,2.8,3.49,4.65,2459,2421,1,0,7,2.83,51,3,9,10,4.9
ZOM_0113,4.1,4.54,4.93,2.72,3945,2230,1,1,3,16.52,20,21,9,6,4.9
ZOM_0114,3.17,1.91,4.82,2.76,807,2919,1,1,6,15.42,81,18,2,14,3.69
ZOM_0115,4.83,4.98,3.28,4.57,973,2035,0,1,3,14.28,35,15,4,13,4.9
ZOM_0116,4.21,4.89,3.16,3.0,52,1619,1,0,6,14.8,83,27,8,9,4.56
ZOM_0117,2.72,4.91,3.33,2.5,2019,958,1,0,6,19.64,20,13,5,15,4.07
ZOM_0118,4.47,1.94,3.45,3.36,2357,1569,1,1,6,7.44,28,3,2,7,4.46
ZOM_0119,4.28,4.74,3.88,3.5,4216,1768,0,1,1,12.44,55,3,4,9,4.9
ZOM_0120,3.18,3.9,2.79,4.14,182,1477,1,0,4,7.55,34,15,8,9,4.49
ZOM_0121,2.6,3.36,4.96,3.63,2103,1479,0,1,2,9.38,40,13,9,4,4.17
ZOM_0122,4.14,2.85,2.12,4.93,2558,1717,0,1,6,7.56,91,22,6,17,4.74
ZOM_0123,4.54,4.73,2.38,2.73,2789,1381,1,0,8,14.93,63,17,7,12,4.85
ZOM_0124,3.11,2.08,3.87,3.07,3289,844,0,1,5,16.43,85,28,1,16,4.06
ZOM_0125,3.31,4.53,4.62,4.04,314,2618,1,1,4,11.96,30,21,1,6,4.9
ZOM_0126,3.07,2.66,4.98,4.16,819,429,0,0,2,12.62,24,29,4,7,3.98
ZOM_0127,2.72,3.46,3.49,2.64,2596,1797,1,0,2,20.04,13,29,3,9,3.91
ZOM_0128,3.96,3.51,4.7,4.11,582,1722,1,0,5,3.08,74,10,4,8,4.9
ZOM_0129,3.17,4.59,4.1,4.1,3940,2086,0,0,3,20.59,12,13,9,9,4.89
ZOM_0130,3.97,1.9,2.59,4.66,279,714,0,0,8,5.77,31,18,1,15,4.22
ZOM_0131,3.09,4.67,4.77,4.27,835,2253,1,0,5,5.13,84,6,8,15,4.83
ZOM_0132,3.07,2.12,2.27,4.9,3675,2547,1,0,7,19.98,82,10,1,8,4.03
ZOM_0133,2.59,4.57,3.26,2.96,935,1384,0,0,3,16.58,61,26,3,3,3.69
ZOM_0134,4.96,4.72,4.4,2.92,3860,1566,1,0,7,18.07,57,2,4,14,4.9
ZOM_0135,2.07,4.27,3.97,3.14,4466,973,0,0,6,2.07,24,26,5,8,4.22
ZOM_0136,3.64,1.91,4.69,3.85,1080,1180,0,0,2,3.38,76,28,3,17,4.15
ZOM_0137,3.68,2.94,2.55,2.67,377,2035,1,1,8,10.16,85,28,8,2,4.16
ZOM_0138,2.22,3.8,3.75,3.18,512,930,1,0,5,10.29,31,26,1,4,4.15
ZOM_0139,4.68,2.24,3.07,4.55,4261,2942,1,1,1,6.27,98,5,6,5,4.9
ZOM_0140,2.33,4.44,2.97,3.11,1007,2539,1,0,1,16.99,16,4,3,5,3.98
ZOM_0141,3.88,1.8,3.19,4.07,3658,1885,1,0,4,8.29,11,19,5,11,4.59
ZOM_0142,2.3,4.03,4.93,2.73,3815,1017,1,0,8,9.58,93,3,7,6,4.4
ZOM_0143,4.13,3.61,4.47,2.93,2014,850,1,1,3,12.75,60,15,6,15,4.75
ZOM_0144,4.64,2.48,3.36,2.94,1037,2168,1,1,3,13.4,92,18,5,7,4.73
ZOM_0145,4.09,3.78,3.24,4.76,3018,284,0,0,4,11.52,41,9,2,4,4.76
ZOM_0146,2.8,4.55,3.71,2.55,149,577,1,1,6,9.81,20,25,7,5,4.19
ZOM_0147,4.73,4.08,3.41,3.9,3626,442,1,1,5,17.24,84,20,7,15,4.9
ZOM_0148,3.74,3.86,3.06,3.72,1486,2214,1,0,3,12.8,85,24,3,13,4.44
ZOM_0149,3.08,3.98,4.55,2.71,3804,2515,0,0,4,19.45,10,11,5,2,4.28
ZOM_0150,4.56,3.29,4.29,3.88,686,520,1,0,5,16.05,79,24,3,8,4.82
ZOM_0151,2.74,3.07,3.03,2.83,3482,832,1,1,3,12.07,34,17,2,3,4.02
ZOM_0152,4.34,2.13,3.44,2.54,4232,1670,0,0,8,16.57,43,24,2,3,4.0
ZOM_0153,2.14,1.89,3.31,3.49,3318,2987,1,1,5,7.61,32,6,4,7,3.96
ZOM_0154,4.66,3.22,4.01,3.47,670,2956,1,0,7,16.6,34,28,7,2,4.76
ZOM_0155,2.83,3.8,3.58,3.34,1048,694,1,0,3,4.36,66,8,4,14,4.51
ZOM_0156,3.74,2.84,4.95,2.92,1018,1111,1,1,4,17.32,63,28,2,12,4.26
ZOM_0157,4.73,3.57,4.52,4.23,802,2944,0,0,2,2.66,36,4,5,3,4.85
ZOM_0158,4.98,4.01,3.2,4.91,4177,1636,1,1,5,0.81,55,16,3,11,4.9
ZOM_0159,2.19,1.93,3.04,4.67,806,1298,1,0,2,1.16,73,19,3,8,3.81
ZOM_0160,4.79,3.86,3.92,3.57,3656,2269,0,0,2,10.89,82,2,1,16,4.9
ZOM_0161,3.55,4.5,3.44,4.45,712,1786,1,0,1,13.2,80,18,6,17,4.78
ZOM_0162,4.84,4.26,3.26,2.85,102,1879,0,1,7,9.53,12,14,5,3,4.77
ZOM_0163,3.64,2.01,4.4,4.89,3970,2345,1,0,8,15.63,35,14,1,8,4.65
ZOM_0164,2.79,2.98,4.61,3.69,2160,2441,1,1,7,18.46,26,21,5,17,4.37
ZOM_0165,3.94,3.4,4.5,3.82,185,834,1,0,4,11.56,69,29,2,16,4.79
ZOM_0166,3.39,3.09,3.82,4.92,516,1342,1,1,3,21.46,34,17,7,13,4.64
ZOM_0167,3.89,2.39,3.07,4.22,334,2230,1,0,7,13.91,13,4,5,10,4.26
ZOM_0168,3.53,4.67,4.51,3.73,1717,725,1,0,5,13.03,34,30,1,13,4.81
ZOM_0169,2.67,4.8,3.12,2.86,758,1738,1,0,2,0.93,91,29,2,4,4.49
ZOM_0170,4.2,2.1,2.8,3.83,919,1261,1,1,8,16.16,85,17,7,16,4.31
ZOM_0171,4.4,2.54,3.03,2.63,1295,461,0,0,8,17.32,93,14,5,8,3.92
ZOM_0172,4.63,1.8,4.29,4.73,1951,1797,0,0,6,17.59,48,4,8,10,4.43
ZOM_0173,2.91,3.44,4.91,4.37,2244,640,1,1,8,6.06,52,6,9,12,4.72
ZOM_0174,3.83,4.37,2.29,2.56,2560,556,1,0,3,21.61,95,8,5,8,4.47
ZOM_0175,2.26,3.05,3.99,3.21,2767,668,1,1,5,16.32,63,25,8,11,3.99
ZOM_0176,2.96,2.74,4.33,3.56,2217,545,1,0,4,19.15,23,15,1,6,4.12
ZOM_0177,4.45,3.17,3.5,4.94,3214,1529,1,1,6,15.01,36,30,3,3,4.9
ZOM_0178,4.62,3.22,3.96,2.56,966,2196,1,0,5,20.97,67,23,1,9,4.7
ZOM_0179,4.67,4.85,3.59,3.15,3980,597,1,0,8,1.56,94,30,1,3,4.9
ZOM_0180,4.07,1.85,3.4,3.49,1462,1145,1,0,4,17.35,64,19,5,17,4.23
ZOM_0181,4.75,2.62,2.06,4.55,3880,723,0,0,3,17.62,24,27,9,16,4.65
ZOM_0182,3.22,1.82,3.89,4.98,2200,2298,1,0,7,4.18,97,19,1,15,4.61
ZOM_0183,2.49,3.5,3.3,4.0,2527,353,1,1,3,6.56,60,20,6,13,4.16
ZOM_0184,2.55,4.29,4.34,3.86,2942,1833,1,0,6,14.24,55,22,5,11,4.49
ZOM_0185,2.67,4.48,3.16,2.75,2639,1092,0,0,2,20.04,97,3,4,13,4.25
ZOM_0186,2.0,4.73,2.46,4.11,3273,888,1,0,6,14.94,65,24,9,9,4.41
ZOM_0187,2.68,2.96,2.76,3.13,3032,1041,1,0,5,15.78,36,3,4,17,4.0
ZOM_0188,4.79,3.49,4.6,3.39,2385,1450,1,1,4,21.32,98,27,9,11,4.9
ZOM_0189,4.22,4.44,3.26,3.62,3853,2836,1,0,5,2.68,90,8,7,9,4.9
ZOM_0190,4.75,4.21,3.95,3.01,1546,1534,0,0,8,1.7,51,15,1,16,4.9
ZOM_0191,3.81,2.87,2.81,3.41,3536,503,1,1,8,1.62,52,23,5,5,4.6
ZOM_0192,3.36,4.03,3.11,4.61,3768,2108,0,0,5,10.52,85,28,3,9,4.8
ZOM_0193,2.94,4.63,3.69,2.77,454,2469,0,1,7,16.77,78,24,9,12,4.19
ZOM_0194,3.14,1.99,3.71,4.83,2446,2894,0,0,7,15.56,38,14,8,6,3.96
ZOM_0195,3.93,3.9,2.34,2.83,3636,356,1,0,7,1.84,14,26,8,6,4.73
ZOM_0196,4.42,2.9,2.25,4.88,944,1432,1,0,3,16.76,63,11,8,8,4.75
ZOM_0197,2.39,2.81,2.36,3.89,2050,841,1,1,3,5.73,17,30,1,11,3.99
ZOM_0198,4.19,4.68,3.11,3.63,2055,1027,1,1,7,18.1,86,15,6,17,4.9
ZOM_0199,2.02,2.89,3.75,2.52,3482,1835,1,1,8,20.8,61,4,4,11,3.72
ZOM_0200,3.95,4.92,3.19,3.17,1697,2070,1,1,1,1.44,18,15,2,6,4.9
ZOM_0201,3.36,3.99,4.38,3.89,1963,1491,1,0,2,2.48,67,17,8,13,4.9
ZOM_0202,2.6,3.65,4.35,3.31,2981,1692,1,1,1,12.3,80,29,7,6,4.49
ZOM_0203,3.89,4.97,4.46,3.93,3830,1111,1,1,2,13.82,20,2,4,8,4.9
ZOM_0204,2.05,2.54,3.2,4.04,291,419,1,0,2,9.12,32,19,8,4,3.31
ZOM_0205,4.52,2.02,2.46,3.38,1777,2575,1,1,5,17.12,66,30,1,17,4.37
ZOM_0206,3.58,1.94,3.52,3.9,4327,338,1,0,1,14.24,93,21,5,11,4.43
ZOM_0207,3.11,4.66,3.83,3.14,861,2272,1,1,3,19.11,28,14,1,5,4.68
ZOM_0208,3.28,4.13,2.35,4.45,4263,2300,0,1,4,10.98,79,13,4,5,4.65
ZOM_0209,2.8,4.09,3.81,3.01,2073,1616,0,0,6,5.16,30,15,9,6,4.18
ZOM_0210,3.34,4.27,2.69,3.74,917,718,1,1,6,16.08,13,16,4,2,4.46
ZOM_0211,4.95,4.22,2.99,3.34,4112,1683,1,0,7,9.23,74,9,5,15,4.9
ZOM_0212,4.26,2.04,2.5,3.24,2027,2940,1,1,2,10.75,79,1,1,7,4.39
ZOM_0213,3.56,3.16,2.79,3.58,1332,1964,1,1,1,8.83,78,25,5,13,4.32
ZOM_0214,3.39,3.05,2.35,4.12,2328,2873,1,0,2,2.96,25,3,4,17,4.64
ZOM_0215,2.2,3.34,2.67,3.59,3472,636,1,0,1,13.27,69,30,6,16,3.93
ZOM_0216,3.87,3.66,3.82,3.66,3901,473,1,1,7,14.54,63,24,2,9,4.9
ZOM_0217,4.16,1.94,2.77,3.92,1181,877,1,0,4,14.97,21,25,3,10,4.35
ZOM_0218,3.35,4.81,3.14,4.21,436,887,1,0,7,4.75,63,15,6,13,4.83
ZOM_0219,4.05,3.7,2.54,3.5,2052,2198,1,0,8,18.13,64,1,3,5,4.61
ZOM_0220,4.2,3.02,3.01,3.69,2057,1807,0,0,1,6.68,76,7,1,11,4.32
ZOM_0221,2.45,4.98,4.86,3.28,1184,2296,0,1,7,21.68,75,26,3,10,4.34
ZOM_0222,3.83,2.74,3.9,3.11,3691,1117,1,1,2,14.53,53,26,9,3,4.76
ZOM_0223,4.59,2.58,3.36,4.48,3403,759,1,0,7,3.84,17,17,3,14,4.9
ZOM_0224,2.03,4.94,4.04,4.89,3671,767,1,1,6,16.81,90,3,2,6,4.68
ZOM_0225,4.4,3.13,3.16,3.61,2899,1100,1,1,5,19.26,92,12,6,4,4.63
ZOM_0226,4.86,3.77,4.32,4.08,550,528,1,1,8,21.22,20,19,4,16,4.9
ZOM_0227,2.32,1.84,4.31,3.25,1666,950,0,0,7,9.42,12,16,3,13,3.75
ZOM_0228,3.34,3.64,2.6,3.94,1659,706,1,0,2,18.69,89,2,4,14,4.21
ZOM_0229,3.31,2.17,4.13,2.51,3176,2009,1,0,8,4.92,84,17,2,9,3.75
ZOM_0230,3.86,2.95,4.09,3.92,4280,2394,1,1,1,1.64,83,14,9,5,4.9
ZOM_0231,3.11,2.75,3.88,4.89,1459,1448,1,0,7,1.67,54,12,7,15,4.41
ZOM_0232,3.19,2.31,4.84,2.85,839,1634,0,0,1,4.82,36,20,9,12,3.95
ZOM_0233,2.93,2.92,3.33,4.63,1851,2989,0,1,7,1.99,65,10,8,13,4.33
ZOM_0234,3.78,4.79,4.12,3.44,4388,1449,1,0,1,21.55,18,1,8,7,4.9
ZOM_0235,2.55,4.27,2.83,3.13,2574,1534,0,0,4,7.87,57,5,9,7,4.11
ZOM_0236,4.9,4.7,2.6,3.48,3442,798,1,0,4,7.74,32,17,3,14,4.9
ZOM_0237,4.64,2.04,3.1,2.59,53,2204,0,0,4,20.9,71,8,3,10,3.89
ZOM_0238,2.36,2.99,2.73,3.02,2340,2158,0,0,4,4.32,75,29,7,5,3.65
ZOM_0239,4.07,2.89,3.21,4.36,2856,612,1,1,4,2.53,77,17,8,5,4.83
ZOM_0240,4.71,2.22,3.78,4.53,4027,348,1,1,6,7.26,11,15,5,15,4.9
ZOM_0241,3.81,4.58,3.25,4.61,417,2671,1,0,7,4.58,76,2,5,10,4.9
ZOM_0242,3.47,1.92,3.78,3.98,3137,2123,0,0,4,18.33,39,27,4,12,4.15
ZOM_0243,4.38,2.44,3.34,4.46,2346,2946,1,0,1,17.62,95,17,5,15,4.57
ZOM_0244,2.53,3.39,3.56,2.86,854,2654,0,0,5,1.05,25,3,3,9,3.81
ZOM_0245,3.03,4.86,3.27,3.55,3465,1421,1,1,2,0.97,76,17,7,7,4.61
ZOM_0246,2.77,1.85,4.07,2.88,3459,647,1,1,2,20.72,53,28,3,13,3.99
ZOM_0247,2.7,4.24,2.89,3.37,3675,1928,0,0,8,5.33,85,26,6,2,4.48
ZOM_0248,4.28,2.73,4.85,3.76,4233,627,1,0,7,10.57,13,12,4,8,4.81
ZOM_0249,4.83,3.6,4.28,4.52,1168,640,1,0,7,19.73,43,1,6,5,4.9
ZOM_0250,3.43,2.07,3.32,3.1,1042,2405,1,1,3,5.94,20,11,2,13,4.2
